후기,감성,감성점수
"[사미헌] 갈비탕 최근 빠르게 2회 구매 했습니다. ^^* 갈비탕하면 사미헌이라고 하길래 구매해 보았습니다. 아....그런데 저 왜 이 제품을 지금 알았을까요? 이거 너무 맛있는 거 아닙니까? 상품 구성, 용량, 패키지 상태, 가격 모두 모두 모두 너무 훌륭합니다. 이건 진자 찐~이에요. 깔끔 하면서도 진한 국물도 너무 좋았고, 갈비대 양도 적지 않았어요. 무엇보다 고기가 실하고 야들야글해서 (질긴 고기를 싫어하는) 식구들이 너무 좋아하더라구요. 이미 사미헌이라는 검증된 맛과 품질이 있으니 퀄리티 부분은 패스해도 될 것 같고 플러스로 맛까지 있으니 왜 컬리 추천템으로 꾸준히 사랑을 받는지 직접 먹어보니 알겠더라구요. 무엇보다 전날 저녁에 구매해서 새벽 배송 받고 그 상태로 실온에 두었다가 점심에 끓여 먹었더니 너무 간편하고 좋더라구요. 냉동실에 별도로 쟁이지 않아서 더더더더더더더 좋았습니다. 저는 3팩 주문해서 4인이 부족함 없이 충분하게 먹었습니다. 뚝배기에 보글보글 끓여서 다데기 까지 추가 했더니 진짜 금상첨화더라구요. 적극 추천 드립니다. 2026.09.07 도움돼요 4",긍정,8
"[사미헌] 갈비탕 갈비탕하면 사미헌이라고 하길래 구매해 보았습니다. 아....그런데 저 왜 이 제품을 지금 알았을까요? 이거 너무 맛있는 거 아닙니까? 상품 구성, 용량, 패키지 상태, 가격 모두 모두 모두 너무 훌륭합니다. 이건 진자 찐~이에요. 깔끔 하면서도 진한 국물도 너무 좋았고, 갈비대 양도 적지 않았어요. 무엇보다 고기가 실하고 야들야글해서 (질긴 고기를 싫어하는) 식구들이 너무 좋아하더라구요. 이미 사미헌이라는 검증된 맛과 품질이 있으니 퀄리티 부분은 패스해도 될 것 같고 플러스로 맛까지 있으니 왜 컬리 추천템으로 꾸준히 사랑을 받는지 직접 먹어보니 알겠더라구요. 저는 2팩 주문해서 3인이 부족함 없이 충분하게 먹었습니다. 뚝배기에 보글보글 끓여서 다데기 까지 추가했더니 진짜 금상첨화더라구요. 전일 대장내시경 받느라 허해진 속이 금방 꽉 채워진 느낌이었습니다. 너무 맛있었어요~ 2026.08.31 도움돼요 3",긍정,5
"[사미헌] 갈비탕 사미헌 갈비탕, 역시 부산 갈비탕은 다르네요 🥹 오늘 컬리에서 같이 산 파김치와 함께 사미헌 갈비탕을 먹어봤어요. 갈비탕에 파김치 조합은 말해 뭐해요ㅎㅎ 역시 너무 잘 어울립니다. 일단 국물이 정말 깔끔해서 좋았어요. 갈비탕 특유의 진하고 깊은 맛은 있으면서도 텁텁하거나 느끼한 느낌 없이 깔끔하게 넘어가는 맛이라 계속 숟가락이 가더라고요. 그리고 제가 부산 태생이라 그런지 사미헌이라는 이름부터 괜히 더 반갑고 정감 갔어요ㅎㅎ 부산 음식이라 더 기대했는데 맛도 만족스러웠습니다. 무엇보다 갈비가 생각보다 제대로 들어 있어서 놀랐어요. 뼈째 그대로 들어 있는 갈비가 무려 5개나 들어 있었고, 고기도 꽤 실해서 하나하나 잘라 먹었어요. 갈비탕은 국물만 많고 고기는 조금 들어 있을 거라고 생각했는데 전혀 아니더라고요. 처음에는 당연히 1인분 정도겠거니 생각했는데 뚝배기에 덜어보니 양이 꽤 많아서 깜짝 놀랐어요. 체감상 2인분 반 정도는 되는 양이라 생각보다 훨씬 든든했습니다. 집에 있던 파와 양파도 넣어주고, 마지막으로 기호에 맞게 후추를 갈갈 넣었더니 완성! 여기에 오늘 산 전라도 파김치까지 곁들이니까 진짜 밥 한 그릇이 순식간에 사라졌어요. 고기도 실하고 국물도 깔끔하고 양까지 넉넉해서 한 끼 정말 배부르게 잘 먹었습니다. 별거 많이 안 넣었는데도 뚝배기 하나 끓여서 진짜 뚝딱 해치웠네요ㅎㅎ 집에서 간편하게 제대로 된 갈비탕 먹고 싶을 때 재구매할 것 같아요. 특히 파김치랑 같이 먹는 거 강추합니다! 👍 2026.08.14 도움돼요 12",긍정,8
"[사미헌] 갈비탕 사미헌 갈비탕은 집에서도 식당에서 먹는 듯한 깊은 국물 맛을 즐길 수 있는 제품이었어요. 포장을 개봉해 냄비에 넣고 약 5~6분 정도 데우기만 하면 완성되어 바쁜 날 간편하게 먹기 좋았답니다. 큼직한 갈비는 부드럽게 살이 발려 먹기 편했고, 국물은 진하면서도 깔끔해 마지막 한 숟갈까지 맛있게 즐길 수 있었어요. 여기에 알싸하게 익은 파김치를 곁들여 먹으니 갈비탕의 담백한 맛과 파김치의 매콤한 감칠맛이 어우러져 더욱 맛있었답니다. 밥 한 공기를 말아 파김치와 함께 먹으니 식당에서 먹는 한 상이 부럽지 않을 만큼 든든한 한 끼가 되었어요. 냉동실에 쟁여두고 생각날 때마다 꺼내 먹기 좋은 간편식으로 만족스러웠어요. 2026.07.23 도움돼요 19",긍정,12
[사미헌] 갈비탕 앞동 언니네서 먹어본 첫 냉동 갈비탕 이거 이거 인생갈비탕이네요 그냥 해동했을 땐 갈비맛이 훨씬 부드럽다고 하는데 저는 해동 후 한번 더 끓인 갈비탕을 맛보았다는~ 그래도 부드러워 먹기 좋았어요 고기맛도 맛이지만 제가 반한 건 국물!! 한번에 3팩을 구매한 이유이기도 해요 👍 세번째 사진은 앞동언니네에서 찍어 온 사진 ㅎㅎ 맛난 건 찍어두고 나도 사야해 ~요랬다는ㅋㅋ 2026.08.31 도움돼요,긍정,2
"[사미헌] 갈비탕 재재재재재구매템 집에서도 즐기는 든든한 한 끼, 사미헌 갈비탕 마켓컬리에서 주문한 사미헌 갈비탕은 간편하게 조리할 수 있으면서도 전문점 못지않은 깊은 맛을 느낄 수 있어 만족스러웠어요. 큼직한 갈빗대에 붙어 있는 부드러운 고기는 젓가락만으로도 쉽게 발라질 정도였고, 국물은 진하면서도 깔끔해 부담 없이 즐기기 좋았습니다. 대파를 듬뿍 넣고 후추를 살짝 뿌려 먹으니 더욱 풍성한 맛이 느껴졌고, 따뜻한 밥을 말아 김치와 함께 곁들이니 든든한 한 끼 식사로 손색이 없었어요. 특히 오징어젓갈을 조금 올려 먹으면 감칠맛이 더해져 색다른 조합을 즐길 수 있답니다. 냉동 제품이라 보관도 편리하고, 바쁜 날 간단하게 끓이기만 하면 되니 냉동실 필수템으로 추천하고 싶어요. 외식이 부담스러운 날 집에서 편안하게 갈비탕 한 그릇의 여유를 느끼고 싶다면 사미헌 갈비탕을 한 번 경험해 보세요. 든든함과 만족감을 모두 채워주는 제품이었습니다. 2026.06.17 도움돼요 17",긍정,11
"[사미헌] 갈비탕 집에서도 맛집 분위기, 마켓컬리 사미헌 갈비탕 후기 평소 갈비탕을 좋아하는데 직접 끓이기에는 시간과 정성이 많이 들어가서 마켓컬리에서 사미헌 갈비탕을 주문해봤어요. 간편식이라고 해서 큰 기대를 하지 않았는데, 큼직한 갈빗대와 부드러운 고기가 넉넉하게 들어 있어 만족스러웠습니다. 국물은 맑고 깔끔하면서도 진한 소고기 육수의 깊은 맛이 느껴졌고, 짜지 않아 취향에 맞게 소금이나 후추를 더해 먹기 좋았어요. 뜨끈하게 데운 뒤 밥 한 공기를 말아 김치와 함께 먹으니 든든한 한 끼가 완성됐습니다. 특히 오징어젓갈을 곁들이니 감칠맛이 더 살아나 더욱 맛있게 즐길 수 있었어요. 바쁜 날 간편하면서도 제대로 된 갈비탕 한 그릇이 생각난다면 재구매 의사가 있는 제품입니다. 2026.06.10 도움돼요 14",긍정,9
[사미헌] 갈비탕 갈비탕 먹고 싶을 때 시켜먹을 곳을 찾아보려고 시켜봤는데 맛이 괜찮아요 ㅎㅎ 국물도 기름을 잘 걷어서 깔끔합니다. 후추 톡톡 파 송송! 갈비 5대가량 보여요~^^ 푹 끓여서 흐물거리는 상태가 아니라 씹는 맛이 있는 정도의 질감! 노인분들은 좀 더 끓여서 드리면 좋겠어요! 2026.08.26 도움돼요 1,긍정,2
[사미헌] 갈비탕 사미헌 갈비탕 후기들이 워낙 좋아서 믿고 처음으로 주문해 봤어요 곰탕 자체는 간이 전혀 되어 있지 않은 순수 곰탕 국물 그 자체였습니다 오히려 그 부분이 깔끔해서 더 믿음이 가더라구요 건더기도 실하게 들어 있었구요 소금이랑 후추로 살짝 간해서 먹으니 집에서 힘들게 정성껏 몇 시간씩 끓인 곰탕보다 훨씬 더 진하고 맛있더라구요 딱 한 입 먹고 느낀 감정은 아 이건 무조건 재구매각이야! 이 생각 했습니다 아버지가 치아 치료 때문에 씹는 음식이 불편하셨어요 근데 사미헌 갈비탕은 국물과 고기도 너무 부드러워서 치아에 불편감 없이 잘 드셔서 제가 뿌듯하더라구요 아버지도 마음에 드셨는지 곰탕은 좀 더 시켜봐 하시더라구요 아버지와 제 입맛 믿고 구매하세요!^^ 구수하고 깔끔한 맛이 좋았어요 2026.07.15 도움돼요 3,긍정,6
"[사미헌] 갈비탕 진한 국물에 푸짐한 고기 한가득 집에서 간편하게 먹을 수 있는 갈비탕 찾다가 선택한 사미헌 갈비탕! 냉동 제품이라 보관도 편하고, 조리도 간단해서 바쁜 날 한 끼로 정말 만족스러웠어요. 냄비에 넣고 끓이기만 했는데도 진한 육향이 퍼지면서 식당 느낌이 제대로 나더라고요. 부드러운 갈비와 깔끔한 국물 가장 마음에 들었던 건 갈비 고기가 정말 부드럽다는 점이었어요. 질기지 않고 뼈에서 살이 잘 발라져서 먹기 편했고, 국물은 맑으면서도 깊은 맛이 느껴졌어요. 간이 과하지 않아 부담 없이 먹기 좋고, 대파랑 후추 조금 추가하니 훨씬 더 맛있게 즐길 수 있었답니다. 김치와 오징어젓갈 조합 추천 갈비탕 먹을 때 빠질 수 없는 게 바로 김치죠! 아삭한 김치를 올려 먹으니 국물의 담백함과 너무 잘 어울렸어요. 여기에 오징어젓갈까지 곁들이니까 감칠맛이 확 살아나서 밥 한 공기 순삭이더라고요. 뜨끈한 국물 한입 먹고 젓갈 올린 밥 먹으면 집에서도 든든한 한상 느낌 제대로였어요. 간편한 집밥 메뉴로 추천 조리도 쉽고 맛도 좋아서 냉동실에 쟁여두기 좋은 제품 같아요. 혼밥 메뉴로도 좋고 가족 식사로 내놓기에도 만족스러운 갈비탕! 쌀쌀한 날이나 든든한 국물요리 생각날 때 다시 찾게 될 것 같아요. 2026.05.25 도움돼요 3",긍정,15
"[사미헌] 갈비탕 처음 구매해보았어요. 후기도 많고 추천템으로 자주 거론되는제품이라 기대했어요. 기대만큼 괜찮습니다. 갈비대는 총4개가 들어 있었고, 고기는 적당한식감으로 질기지 않았어요. 저는 질기지 않다 생각했는데 남편은 약간 질기다는걸보니 개인차가 약간 있으니 참고하세요. 국물은 딱 파는 갈비탕의 정석느낌의 맛이예요. 국물양은 성인2인 한끼에 나눠먹기 좋아요. 고기가 4개라 넉넉하진 않지만 가격이 가격인지라 만족스러워요. 파나 당면을 추가하면 더욱 푸짐하게 즐길 수 있어요. 냉동실 쟁여템으로 적당해요. 급하게 국이 필요할 때, 딱히 뭐 먹을지 고민될 때 손이 갈 듯한 제품입니다. 추천드려요. 2026.04.23 도움돼요 10",긍정,3
[사미헌] 갈비탕 오~! 몸보신한것 같아요~^-^ 넘 맛있게 잘먹었습니다~ 첫 구매인데 해동이 살짝된 갈비탕을 끓였는데 기름도 많ㅇ ㅣ 안나오네요 간도 짜지않고 인위적이지 않고 마치 사먹는 갈비탕 같았어요~ 고기도 질기지 않았어요~ 당면이랑 땡초랑 파 많이 넣고 먹었는데 앞으로 갈비탕집 안가도 될꺼같아요 입맛 까다로운 저희 어머니가 땀을 흘려가면서 식사하셨는데 기분이 넘 좋네요~~ 2026.08.29 도움돼요,중립,0
"[사미헌] 갈비탕 사미헌 갈비탕 마켓컬리에서 주문해서 먹어봤어요. 요즘 집에서 밥 챙겨 먹기 힘들 때가 많아서 간편식 이것저것 시켜보는 편인데, 이건 꽤 만족스러웠어요. 배송은 컬리답게 아이스팩이랑 같이 꼼꼼하게 와서 상태 좋았고, 바로 냉장 보관했다가 먹었어요. 조리는 정말 간단해서 더 좋았어요. 그냥 냄비에 부어서 끓이기만 하면 되니까 바쁜 날에도 부담 없이 한 끼 해결하기 좋더라고요. 무엇보다 국물 맛이 생각보다 괜찮았어요. 너무 진하거나 자극적이지 않고, 맑으면서도 은근히 깊은 맛이 나서 계속 떠먹게 되는 스타일이에요. 짠맛도 세지 않아서 먹고 나서도 입이 텁텁하지 않았어요. 갈비 양도 기대 이상이었어요. 몇 덩이 들어있는데 살이 꽤 붙어 있고, 푹 익어서 그런지 부드럽게 잘 발리더라고요. 질기지 않고 촉촉해서 먹기 편했어요. 저는 따로 파 조금 썰어 넣고 후추 살짝 뿌려서 먹었는데, 그 정도만 해도 충분히 맛있었어요. 그리고 25개월 아기랑 같이 먹었는데, 이 부분이 제일 마음에 들었어요. 고기 잘게 찢어서 주니까 잘 먹고, 국물에 밥 말아주니까 거부감 없이 잘 먹더라고요. 간이 세지 않아서 따로 물 타거나 할 필요 없이 바로 줄 수 있었어요. 요즘 입맛 까다로운데 이건 잘 먹어줘서 괜히 더 만족스럽네요. 전체적으로 보면 완전 집에서 오래 끓인 갈비탕 느낌까지는 아니지만, 간편식 치고는 충분히 맛있고 퀄리티 괜찮은 편이에요. 냉장고에 몇 개 쟁여두면 바쁠 때 든든하게 꺼내 먹기 좋을 것 같아요. 재구매 의사 있어요. 2026.04.23 도움돼요",긍정,12
"[사미헌] 갈비탕 사미헌갈비탕 너무 너무 맛있어요. 최애 갈비탕입니다. 워낙 유명한 갈비탕이잖아요. 집에서 편하게 먹을 수 있어서 넘 좋았어요! 먹기 전날 냉장실에 넣어서 해동하고, 냄비에 부어서 끓이기만 하면 됩니다. 갈빗대가 4개정도 들어 있었고, 갈비살이 엄청 실합니다! 다 먹고나면 엄청 배부르고 든든해지더라구요~ 사진 찍을때는 갈빗대 통채로 담아내면 뭔가 있어 보이고 좋아요. 근데 사진 안 찍고 먹기만 하면 그냥 갈빗대 분리하고 고기 먹기 좋은 사이즈로 잘라서 마구마구 퍼먹는게 편하고 좋긴하더라구요^^ 식구들은 갈빗대랑 같이 주니까 있어보인다고 더 좋아하긴했어요~ ㅎㅎ 무엇보다 국물맛이 넘 맛있고요 고기도 부드럽고 맛있어요. 잡내 하나도 안나고 맛이 좋습니다! 강추합니당!!^^ 2026.04.05 도움돼요 22",긍정,11
"[사미헌] 갈비탕 갈비탕을 열어보니, 포장이 아주 깔끔하고 신선해 보여서 첫인상이 좋았어요. 푸짐한 양이어서 가족과 함께 나눠 먹기에 딱 좋더라고요. 국물은 정말 맑고 깊은 맛이 나면서도 담백해서, 첫 숟가락을 뜨자마자 와! 하는 감탄이 절로 나왔어요. 진짜 갈비로 우려낸 육수라 그런지, 맛이 정말 진하고 감칠맛이 가득했어요. 소갈비는 부드럽고 육즙이 가득해서 씹는 맛이 좋았어요. 고기가 이렇게 부드러운 갈비탕은 처음 맛보는 것 같아요. 뼈조각이 들어있다고 해서 조심해야 한다고 했는데, 오히려 그 덕분에 더욱 진한 맛을 느낄 수 있었어요. 가족들도 모두 맛있다고 극찬하더라고요! 조리 방법도 정말 간편해서, 그냥 끓이기만 하면 되니까 바쁜 날에도 쉽게 해먹을 수 있겠어요. 저는 대파와 약간의 국수를 추가해서 먹어봤는데, 그렇게 먹으니 더욱 맛있더라고요. 국물이 정말 끝내줘서, 밥 말아먹고 싶다는 생각이 절로 들었어요. 이 갈비탕은 정말 필수 아이템으로 집에 두고 싶어요. 한 번 먹어보면 계속 생각나는 맛이에요. 앞으로도 재주문할 것 같아요. 꼭 한 번 드셔보세요! 진정한 맛의 갈비탕을 경험할 수 있을 거예요. 정말 추천합니다! 2026.02.19 도움돼요 24",긍정,11
"[사미헌] 갈비탕 사미헌갈비탕 소문대로 맛있네요. 국물에 기름기가 없어서 깔끔하고 갈비고기도 실해요. 냉장고에서 해동하면 좋겠지만 시간이 없어서 팩을 찬물에 담가 해동했어요. 반 정도 녹았을 때 비닐 제거하고 냄비에 쏟아 데웠는데 기름덩어리 하나 없어서 너무 맘에 들더라구요. 마늘, 대파, 삶은당면 추가해서 주말 아침 먹었는데 가족 모두 맛있다네요. 2팩 ￼끓여서 3명이 먹었는데 고기도 많이 먹고 국물도 넉넉하게 들어 있어서 남았어요. 특히 국물이 시원하고 맛있어서 남은 국물은 밥 말아 김치 얹어 먹으니 딱이네요! 여름이지만 뜨끈하게 먹으니 보양식이 따로 없어요. 담엔 계란지단도 올려 먹으려고요. 2026.05.17 도움돼요 5",긍정,4
"[사미헌] 갈비탕 ⭐⭐⭐⭐⭐ 갈비탕 좋아해서 여러 제품 먹어봤는데 이 제품은 국물이 깔끔하면서도 진한 맛이 나서 만족스러웠어요. 조리도 간편해서 바쁜 날 한 끼 해결하기 좋고, 냉동실에 쟁여두면 든든한 메뉴입니다. 갈비도 생각보다 넉넉하게 들어있고 살이 부드러워 먹기 편했어요. 저는 그냥 먹지 않고 계란, 대파, 당면까지 추가해서 끓여 먹었는데 훨씬 푸짐하고 맛있었습니다. 특히 대파를 듬뿍 넣으니 국물 맛이 더 시원해지고 향이 살아났고, 당면은 갈비탕 국물을 쏙 흡수해서 정말 맛있더라고요. 계란까지 넣으니 한 끼 식사로 손색없을 정도로 든든했습니다. 국물은 너무 기름지지 않고 담백한 편이라 부담 없이 먹기 좋았고, 후추를 살짝 뿌려 먹으니 맛이 한층 더 살아났어요. 집에서 간단하게 식당 느낌의 갈비탕을 즐길 수 있어서 만족도가 높았습니다. 추가 재료만 조금 넣어도 훨씬 고급스럽고 푸짐한 한 그릇이 완성돼서 재구매 의사 있습니다. 냉동 갈비탕 찾는 분들께 추천하고 싶어요! 😊🥚🌿🍜🥣 2026.06.17 도움돼요 5",긍정,15
"[사미헌] 갈비탕 요즘 집에서 따뜻한 국물 찾다가 주문해본 [사미헌] 갈비탕인데, 왜 인기 많은지 바로 납득됐어요 👍 일단 국물부터 진짜 깔끔하고 깊어요. 기름지지 않아서 부담 없이 계속 떠먹게 되고, 조미료 느낌 없이 담백하게 우려낸 맛이라 속까지 편안한 느낌이에요. 특히 요즘처럼 컨디션 관리 중요할 때 딱이에요. 갈비도 생각보다 푸짐하게 들어있고, 살이 부드러워서 젓가락만 대도 쏙쏙 발라져요. 질기지 않고 촉촉해서 집에서 먹는 갈비탕 중에서는 퀄리티 꽤 높은 편! 뼈에 붙은 살까지 야무지게 먹게 되더라구요 🤍 저는 먹을 때 파 좀 더 썰어서 넣고, 후추 살짝 + 밥 말아서 먹었는데 완전 국밥집 느낌 제대로 났어요. 김치나 깍두기랑 같이 먹으면 그냥 외식 안 부럽습니다. 조리도 간편해서 더 좋았어요. 데우기만 하면 되니까 바쁜 날이나 귀찮을 때 한 끼 해결용으로 최고… 냉장고에 쟁여두고 싶은 템이에요. ✔️ 총평 • 국물: 맑고 깊은 맛, 느끼함 없음 • 고기: 부드럽고 양도 만족 • 편의성: 초간단 조리 • 재구매 의사: 있음 (이미 재구매 고민 중😂) 왜 베스트 상품인지 이해되는 제품이라 갈비탕 좋아하시면 무조건 추천이에요! 2026.04.09 도움돼요 11",긍정,9
[사미헌] 갈비탕 처음 주문했어요. 갈비탕이 제일 많이 판매되서 주문했어요.막상 고기가 적은것 같았는데 밥에 말아 먹어보니 많더라구요. 국물도 푸집해서 한끼 제대로 먹었네요.나가서 사먹는것처럼 아주 아주 맛있어서 다 먹고 3개 추가 주문했어요 2026.07.25 도움돼요,긍정,1
"[사미헌] 갈비탕 ​컬리에서 갈비탕 부문 상위권을 늘 지키고 있길래 궁금해서 주문해 봤는데, 직접 먹어보니 왜 인기가 많은지 바로 이해가 갔습니다. ​가장 만족스러웠던 부분은 고기의 질과 넉넉한 양입니다. 냉동 국물 요리 특유의 잡내가 전혀 나지 않고, 뼈에서 살코기가 쏙 떨어질 정도로 부드럽게 잘 삶아져 있습니다. 국물 역시 인위적이고 자극적인 조미료 맛보다는, 뼈를 오랫동안 정성껏 고아낸 깔끔하고 깊은 감칠맛이 납니다. ​조리법도 정말 간단합니다. 해동 후 냄비에 넣고 끓이기만 하면 되는데, 취향에 따라 송송 썬 파와 당면, 떡국떡을 추가하면 웬만한 갈비탕 전문점 못지않은 푸짐한 한 상이 완성됩니다. 국물 양이 넉넉해서 밥을 말아 먹기에도 모자람이 없네요. ​냉동실에 몇 팩 쟁여두면 반찬이 마땅치 않은 날이나 바쁜 아침에 빠르게 차려내기 정말 유용한 비상식량입니다. 가격 대비 퀄리티가 훌륭해서 앞으로도 컬리 장볼 때 계속 재구매할 예정입니다. 2026.08.02 도움돼요 1",긍정,6
[사미헌] 갈비탕 집에서 갈비탕은 가끔 특식처럼 먹는 편인데 이번에 주문한 사미헌 갈비탕은 솔직히 기대 이상으로 만족스러웠어요. 기존에도 다른 곳 갈비탕 밀키트나 간편식 제품들 몇 번 주문해서 먹어봤는데 국물은 밍밍하거나 고기는 퍽퍽한 경우가 많았거든요. 근데 이건 확실히 고기 질이나 국물 깊이가 다르다는 게 느껴졌어서 다른 밀키트 갔다가도 다시 돌아오게 되더라고요 ㅎㅎ 저는 1kg짜리 2팩 주문해서 가족 다 같이 한 끼로 먹었는데 5인 가족 기준으로 딱 알맞게 먹을 정도였어요. 양이 적진 않은데 워낙 맛있어서 다들 잘 먹다 보니 정말 한 끼에 싹 비웠네요ㅋㅋ 가장 좋았던 건 고기 상태였어요. 갈비가 푹 잘 익어 있어서 젓가락만 대도 결 따라 부드럽게 잘 뜯어지더라고요. 질기거나 냄새나는 부분 없이 아이들도 먹기 편할 정도로 부드러워서 가족들 모두 만족하면서 먹었어요. 고기는 크기가 일정하진 않고 크고작은 덩이들이 한팩에 4~5개씩 들어 있어요. 냉동이라 냉장고에 30시간정도 옮겨놨더니 반정도 녹아서 끓기 딱 좋았어요. 급할땐 따뜻한물로 해동 하기도 했는데 미리 냉장고에 넣어두는게 확실히 편한것 같아요. 저는 더 맛있게 먹으려고 국물 바글바글 끓기 시작할 때 후추 넉넉히 넣고 대파도 듬뿍 썰어 넣어서 20~30초 정도만 더 끓인 뒤 바로 그릇에 담았어요. 원래 파 많이 넣는 걸 좋아해서 일부러 푸짐하게 넣는데 이렇게 넣어주면 평소 파 잘 안 먹는 막내도 따로 골라내지 않고 같이 잘 먹더라고요ㅎㅎ 확실히 대파 넣으니까 국물 향도 더 살아나고 훨씬 더 맛있어졌어요. 다만 아쉬운 점이 있다면 기본 국물 간이 조금 센 편이라는 거예요. 저희 집이 엄청 싱겁게 먹는 편은 아닌데도 처음엔 살짝 짭짤하다고 느껴져서 물 조금 추가해서 끓였더니 딱 먹기 좋았어요. 평소 간 약하게 드시는 분들은 처음부터 물 조금 더 넣고 대파나 무 같은 재료 추가해서 같이 끓이면 더 맛있게 드실 수 있을 것 같아요. 집에서 간편하게 식당 느낌 나는 갈비탕 먹고 싶을 때 정말 만족도 높은 제품이에요. 고기 질이 좋아서 재구매 의사 충분한 갈비탕입니다. 2026.04.10 도움돼요 2,긍정,10
[사미헌] 갈비탕 **육식을 안하는 저는 컬리에서 판매되는 탕과 국 제품들이 식구들 고기 보충에 요긴해요. **예전처럼 많은 양이 필요하지 않아 2~3개 냉동실에 넣어 놓으면 든든해요. **급하게 먹고 싶다고할 때는 물에 담가 해동하면 좋아요. **어디가기도 어려운 습하고 더운 여름 외식할 때 위생도 걱정되는데 에어컨 켜고 따뜻한 갈비탕으로 원기 회복해요. **국물이 남으면 소면 넣어 먹으면 좋아해요. **아직 먹기 전이라 사진은 나중에 2026.07.31 도움돼요 2,긍정,3
[사미헌] 갈비탕 아들이 보내준 사미헌갈비탕을 먹어본후 계속해서 몇년을 주문해 먹고있어요. 국물은 맑고 깔끔한 맛이고 갈비는 5대 들어있어 3식구가 한팩으로 먹어도 충분해요 어느땐 떡을넣고 끓이고 어떤때는 대파 송송 썰어 넣고 먹으며 만두국도 해먹어요. 매번 5팩이상 주문하는데 이번엔 6팩 주문 벌써 3팩을 먹었어요 아무리 먹어도 질리지 않는맛 사미헌 갈비탕 갈비사다 직접 만드는 수고 하지않아도 되고 간편하고 맛좋고 굿입니다 특히 떡국떡 넣고 끓인 갈비탕은 우리집 1등 메뉴 냉동실에 언제나 5개이상은 쟁여두고 먹고있어요 지금도 7 ㅡ8개는 있어요 내경우 정말 맛있게 잘먹고있어요 2026.06.13 도움돼요 4,긍정,3
[사미헌] 갈비탕 사미헌 갈비탕을 몇년동안 정말많이 쟁여놓고 먹고있는데 이번엔 우거지가 들어있는걸 주문해 봤어요 맛이 깔끔하니 맛있어요 갈비가 적게 들어가긴 했어도 깔끔한맛에 시원한 국물맛에 잘먹고있습니다 역시 사미헌 제품은 나를 실망 시키지 않내요 처음 아들이 주문해 줬을때 부터 몇년을 항상 냉동실에 쟁여두고 있어요 반찬없을때 떡국 끓일때 등등 아주 요긴하게 잘 먹는 사미헌 제품 다른 브랜드제품은 아예 주문할 생각도 하지 않아요 2026.04.27 도움돼요,긍정,3
"[사미헌] 갈비탕 사미헌 맑은곰탕·갈비탕·얼큰 우거지 갈비탕·전통 소갈비찜 재구매하고 싶은 구성! 요즘처럼 집에서 따뜻한 국물이나 든든한 한 끼가 생각날 때 간편하게 먹으려고 사미헌 제품을 여러 가지 주문해봤어요. 냉동식품이라 보관해 두었다가 필요할 때 하나씩 꺼내 먹을 수 있다는 점이 가장 마음에 들었습니다. 이번에는 맑은곰탕 2팩, 갈비탕, 얼큰 우거지 갈비탕, 전통 소갈비찜까지 종류별로 골라봤는데, 메뉴가 다양해서 가족들이 그날그날 먹고 싶은 메뉴를 선택할 수 있어 좋았어요. 맑은곰탕은 이름 그대로 깔끔하고 담백한 국물이라 아침 식사로 먹기 좋을 것 같아요. 자극적인 국물보다 담백한 음식을 좋아하는 분들에게 특히 잘 맞을 듯합니다. 밥을 말아서 간단하게 한 끼 해결하기에도 좋고, 아이와 함께 먹기에도 부담이 적은 메뉴라 냉동실에 몇 팩 넣어두면 활용도가 높을 것 같아요. 사미헌 갈비탕은 역시 든든한 한 끼로 제격이에요. 집에서 갈비탕을 처음부터 끓이려면 손도 많이 가고 시간도 오래 걸리는데, 이런 제품은 데워서 바로 먹을 수 있어서 정말 편합니다. 여기에 대파나 당면, 후추 정도만 추가하면 훨씬 푸짐하게 먹을 수 있어서 집에서 식당 느낌으로 차려 먹기 좋았어요. 얼큰 우거지 갈비탕은 맑은 갈비탕과는 또 다른 매력이 있어서 국물 있는 메뉴를 좋아하는 가족이라면 번갈아 먹기 좋을 것 같아요. 우거지가 들어가 있어서 밥과 함께 먹으면 든든하고, 특히 추운 날 따뜻하게 데워 먹으면 속이 확 풀리는 느낌이라 좋았습니다. 그리고 개인적으로 기대했던 전통 소갈비찜! 갈비찜은 집에서 만들려면 손질부터 양념, 오랜 시간 조리까지 번거로운 음식인데 간편하게 준비할 수 있다는 게 가장 큰 장점이에요. 밥 위에 고기와 양념을 올려 먹으면 정말 든든한 한 끼가 되고, 손님 오셨을 때나 주말에 특별한 반찬이 필요할 때 활용하기에도 좋을 것 같습니다. 전체적으로 냉동실에 넣어두고 “오늘 뭐 먹지?” 싶을 때 하나씩 꺼내 먹기 좋은 제품들이라 만족스러웠어요. 특히 국이나 찌개를 매번 새로 끓이기 어려운 날에는 이런 간편식이 정말 유용하네요. 한 가지 메뉴만 계속 먹는 것보다 맑은곰탕 → 갈비탕 → 얼큰 우거지 갈비탕 → 소갈비찜 이렇게 번갈아 먹을 수 있어서 여러 종류를 함께 주문한 것도 잘한 것 같아요. 2026.09.07 도움돼요",긍정,19
[사미헌] 갈비탕 컬리에서 사미헌 갈비탕 처음접해보고 맛있어서 주기적으로 구매하고있어요! 냉동으로 배송되고 한팩에 1kg라서 성인 두명이 먹거나 두번정도 먹을수있어요. 소갈비로 우려낸 육수의 깊은 감칠맛과 부드러운식감의 소갈비를 먹을수있어요. 갈비탕을 집에서 끓이려면 손도많이가고 시간도 많이걸리는데 사미헌 갈비탕은 그런 수고스러움을 덜어주는제품이라서 너무 편하고 좋아요. 먹기전날 냉장실에서 해동시켜주고 5분정도 끓여주기만하면되요. 큰갈빗대3대랑 작은갈빗대2대가 들어있고 컬리에서 산 제주산무 납작하게썰어서 같이 끓여주다가 채썬대파넣어주고 후추 톡톡톡 뿌려주면 사미헌 갈비탕완성이에요. 당면이나 소면 삶아서 넣어먹어도 맛있어요! 팽이버섯으로 만든 계란전이랑 밥 준비해서 먹었어요. 고기누린내도없고 기름기도 거의없어서 국물 다먹어도 속도 편하고 한그릇 싹다 비운거 보이시죠? 사미헌갈비탕 국물에 뼈바른 갈비살 먹기좋게 잘라주고 떡국떡 만두 넣어주고 채썬양파 당근 넣어서 끓여주다가 채썬대파에 계란하나풀어서 넣어주고 후추톡톡톡 뿌려주면 초간단 떡만두국완성이에요. 간편한데 맛있어서 후다닥만들수있는 한그릇요리에요. 김치랑 밥만있으면되요. 먹어본 갈비탕 밀키트중에 가장 맛있어요! 2026.02.02 도움돼요,긍정,8
"[사미헌] 갈비탕 새벽에 배송 받자마자 살짝 해동해서 끓였어요. 끓일 때 파만 조금 더 추가했어요. 고기도 너무 부드럽고, 국물 간도 적당해서 먹기 좋아요. 항상 재 구매하게되는 냉장고 아이템이에. 2026.08.26 도움돼요 1",긍정,2
"[사미헌] 갈비탕 마켓컬리에서 인기있는 제품이라서 구매하게 되었어요. 국물있는 밀키트 중에서 제일 맛있고 만족스러웠던 제품이 바로 사미헌 갈비탕이예요. 먹기 하루 전 날에 냉장고에서 해동해서 냄비에 끓이기만 하면 되요. 면 종류를 좋아해서 사미헌 갈비탕 먹을 때 당면을 넣어서 먹었어요. 갈빗대 큰 거 2개, 작은 거 3개 정도 들어 있어요. 대파까지 넣어서 먹으니 갈비탕 전문점에서 먹는 맛이예요. 국물이 넉넉하게 있어 성인 2명이 충분히 먹을 수 있어요. 국물이 깔끔하고 시원하니 아주 맛있습니다. 고기가 잡내없이 맛있고 부드러워요. 가족 모두 밥 한 그릇 뚝딱했어요. 사미헌 갈비탕에 팽이버섯이나 국수를 넣어도 맛있습니다. 이제 냉장고 쟁여템이 되겠어요. 가족 누구나 든든하게 맛있게 먹을 수 있는 사미헌 갈비탕 추천합니다. 2026.01.17 도움돼요 32",긍정,10
[사미헌] 갈비탕 사미헌~~ 무수히 먹었지만 여전히 잘먹는 찐템이에요 가격이 갈수록 오르는게 흠 맛있어서 할인하면 사둬요 2026.03.07 도움돼요,긍정,2
[사미헌] 갈비탕 갈비탕을 좋아해서 밀키트 제품을 몇개 먹어봤는데 조미료맛이 너무 강해서 입에 맞는 갈비탕을 찾고 있다가 우연히 알게된 사미헌 갈비탕 꾸준히 애용하고 있어요 냉동실에 항상 쟁여놓고 있답니다 맛있어요 2026.08.19 도움돼요,긍정,2
"[사미헌] 갈비탕 요즘 물가가 너무 올라서 장보기가 겁나는데, 컬리에서 구매한 계란은 항상 신선함이 남달라 믿고 담게 되네요. 알도 꽤 굵고 껍질도 단단해서 배송 중에 깨진 것 하나 없이 깔끔하게 잘 도착했어요. 🥚 ​저는 주로 아침에 계란프라이를 하거나 반숙으로 삶아 먹는데, 노른자가 유독 고소하고 탱글해서 비린 맛이 전혀 없더라고요. 특히 이번에는 짬뽕 국물에 순두부랑 같이 톡 터뜨려 넣어봤는데, 매콤한 국물 맛을 계란이 부드럽게 감싸줘서 정말 환상의 궁합이었답니다. 아이들 반찬 없을 때 계란말이 뚝딱 해주기에도 좋고, 출출할 때 간식으로 구워 먹어도 든든해서 저희 집 냉장고에는 없어서는 안 될 필수품이 됐어요. 🍳 ​포장도 종이 완충재로 꼼꼼하게 감싸서 보내주시니 파손 걱정도 없고, 늘 신선한 상태로 받아볼 수 있어 만족도가 높아요. 건강하고 맛있는 계란 덕분에 온 가족이 매일 아침 단백질 보충 제대로 하고 있습니다. 다음 장바구니에도 무조건 1순위로 담을 예정이에요! 💛평소에 라떼를 좋아해서 우유를 까다롭게 고르는 편인데, 이번에 주문한 연세우유 x 마켓컬리 전용목장 우유는 기대 이상으로 풍미가 진하네요. 일반 우유보다 훨씬 고소하고 뒷맛이 깔끔해서 그냥 컵에 따라 마셔도 입안 가득 신선함이 느껴져요. 🥛 ​아침에 통밀 베이글 살짝 구워서 이 우유 한 잔 곁들이면 세상 부러울 게 없는 건강한 브런치가 완성되더라고요. 커피 머신으로 에스프레소 내려서 섞어봤는데, 우유 자체가 워낙 진하다 보니 카페에서 먹는 라떼보다 더 맛있는 느낌이라 집에서도 기분 전환 제대로 했네요. 시리얼에 말아 먹어도 눅눅함보다는 고소함이 먼저 올라와서 아이들도 이 우유만 찾아요. 🥯 ​유통기한도 넉넉한 편이고 배송 올 때 항상 보냉팩이 빵빵하게 들어있어서 신선도 걱정 없이 마음 편히 주문하고 있어요. 신선한 우유 한 잔으로 하루를 시작하니 몸도 가벼워지는 기분입니다. 고소한 우유 좋아하시는 분들이라면 꼭 한 번 드셔보시길 추천드려요! ✨ 2026.03.20 도움돼요",긍정,19
[사미헌] 갈비탕 갈비탕 생각날때 항상 먹는 사미헌갈비탕!! 제가 먹어본 냉동 갈비탕 중에서 정말 최고예요! 사미헌 갈비탕은 냉동 제품인데도 국물이 인위적이지 않고 깊고 진한 맛이 나서 깜짝 놀랐어요. ​무엇보다 고기 양이 정말 실하게 많이 들어있더라고요. 갈비가 질기지 않고 푹 끓인 것처럼 뼈에서 부드럽게 쏙 빠지고 입안에서 살살 녹아요. 국물 간도 딱 알맞게 깊은 감칠맛이 돌아서 밥 한 공기 말아 먹으면 든든한 한 끼로 아주 그만이에요. ​집에서 끓인 것처럼 정성 가득하고 깔끔한 맛이라 앞으로도 자주 찾게 될 것 같아요. 진하고 맛있는 갈비탕 찾으시는 분들께 완전 추천해 드려요! 2026.07.11 도움돼요 2,긍정,5
[컬리멤버스][사미헌] 갈비탕 냉동실에 2ㅡ3개 남으면 언제나 쟁여두고 먹는 갈비탕을 재 주문합니다 사미헌 갈비탕을 아들이 주문해주고 내가 주문하고 항상 냉동실에 있거든요 떡국끓일때도 만두국도 무넣고 시원하게 끓이고 어떻게 해도 맛있는 사미헌갈비탕. 전엔 양지나 사태 사다가 끓여 소분해놓고 먹었였는데 이젠 그런 수고로움이 사라졌어요 오늘은 미역국을 끓일까해요 미역만 그냥 아무것도 안넣고 달달볶다가 갈비탕을 넣으면 되고 항상 냉장에서 해동시켜 먹으면 더 맛있게 먹을수 있다고 설명되있어서 그렇게 하고 있어요 갈비고기 5대 푸짐해서 셋이 먹어도 되고 야들야들 질긴것 전혀없고 맛있으며 담백한 맛과 진한 국물맛이 일품입니다 여러가지로 활용 가능하며 주문만 하면 몇시간내로 집앞 배송이니 이보다 더좋을순 없다 생각하며 잘 먹고있어요 2026.01.30 도움돼요 31,긍정,5
"[사미헌] 갈비탕 사미헌 갈비탕은 저희 집 냉동실에 항상 쟁여 두는 상시 보관템입니다. 요리하기는 귀찮은데 맛있는 건 먹고 싶고, 따뜻한 국물이 생각날 때 있잖아요. 그렇다고 배달을 시켜 먹기에는 조금 부담스러울 때가 있는데, 그럴 때 이 갈비탕을 끓이면 모든 고민이 해결됩니다. 국물 양도 꽤 넉넉해서 상황에 따라 둘이서 나눠 먹을 수도 있습니다. 남자분이라면 한 팩씩 먹어도 좋고, 여자 둘이라면 두 팩을 나눠 먹어도 충분할 정도로 양이 많은 편입니다. 무엇보다 갈비 고기도 생각보다 넉넉하게 들어 있어서 만족스러웠습니다. 집에서 파만 송송 썰어 넣어 먹어도 밖에서 사 먹는 갈비탕 못지않은 느낌이라 정말 편하고 좋았습니다. 그리고 그냥 맛있어요 식당에서 좋은 식당에서 시켜 먹는 갈비탕 맛입니다!! 냉동같지 않아요!! 간단하게 끓이기만 하면 든든한 한 끼가 완성되는 제품이라 앞으로도 계속 재구매할 것 같습니다. 2026.03.07 도움돼요 2",긍정,7
"[사미헌] 갈비탕 ㅋ홈쇼핑에서 보고 대용량은 부담스러워서 2팩만 사서ㅋㅋㅋ 2팩 터서 먹었어요. 국물이 넉넉하게 많길래 당면 좋아하는 남편을 위해 넉넉히 당면을 넣었는데, 시간이 지나니까 당면이 국물을 다 먹어버렸더라구요ㅋㅋ 당면 좋아하시는 분들 조심하세요. 맛은 딱 갈비탕이구요. 저는 그냥 먹어도 맛있었는데 남편은 새우젓을 넣어서 먹으니 더 맛있다고 하네요. 갈비도 쏙쏙 잘 빠지고 맛있었어요. 가끔씩 사먹기 좋을 것 같아요. 2026.07.05 도움돼요 2",긍정,5
[사미헌] 갈비탕 갈비탕 크기도 크고 큰갈비가 4개 들어있어요! 밀키트 랑 사미헌가서 먹는 갈비탕 퀄이 같습니다. 실속짱입니다. 2026.07.26 도움돼요,중립,0
[사미헌] 갈비탕 유명한 이유가 있네요! 사미헌 갈비탕 국물이 깊고 진하면서도 뒷맛이 깔끔해서 정말 감탄하며 먹었습니다. 고기도 잡내 하나 없이 야들야들하고 너무 부드러워서 뼈에서 살이 쏙 발라지더라고요. 양도 기대 이상으로 푸짐해서 밥 한 공기 말아 먹으니 엄청 든든합니다. 자극적이지 않고 담백해서 아이나 부모님과 함께 먹기에도 딱 좋습니다. 밀키트 퀄리티가 매장에서 먹는 것 못지않게 훌륭해서 앞으로 냉동실에 필수로 쟁여두려고요. 뜨끈한 국물 생각날 때 무조건 추천합니다! 2026.07.03 도움돼요 1,긍정,6
[사미헌] 갈비탕 맛있네요. 마켓컬리 처음 사 본 제품인데 배송도 빠르고 맛도 좋구요. 고기 많이 들어 있네요 ㅎㅎ 잘 먹었습니다! 2026.07.19 도움돼요,긍정,1
[사미헌] 갈비탕 집에서 손쉽게 갈비탕 시켜먹는 거 못지 않게 맛나게 먹고 있어요 팽이버섯이랑 당면 넣어서 밥이랑 깍두기에 먹으면 식당이랑 별반 차이 없어요~ 간편하게 휘리릭 끓여도 고기가 부드럽고 양 꽤 됩니당~ 2026.06.11 도움돼요,긍정,4
[사미헌] 갈비탕 진하게 ~~~느계지는갈비탕의 육수는 아무이유없이 국물 에 밥한 그릇 만으로도 뚝딱 한끼해결!!! 거기에 제대로 잘삶아진 갈비는 먹고뜯고 씹고 느므행복해유~~ 육수가어쩜이렇게 구수하니 맛표현하기도전에 후루룩 후루룩 국물을 드리킹하게되네요 이것은 혁명의 맛이다~ 안먹어본자 갈비탕의 맛을 논하지말라 ㅋ 일단잡숴봐 강추~~!!! 2026.06.09 도움돼요 1,긍정,2
[사미헌] 갈비탕 한끼 해결하기 좋아요~ 고기도 부드럽고 국물도 간이 적절하게 되어서 맛있어요. 저희는 당면사리랑 파를 넣어서 끓여 먹어요. 아이들도 한그릇씩 뚝딱이예요. 장바구니에 늘 담는 제품이예요. 2026.09.07 도움돼요,긍정,3
[사미헌] 갈비탕 컬리에서 주문하는 제품들은 아이랑함께먹을수있는제품으로 구매하고있어요 갈비살이 워낙두툼해서 더 넉넉하게먹을수있는것같아요! 맛있어요! 2026.05.09 도움돼요,긍정,1
[사미헌] 갈비탕 포인트 모아 구매했어요. 생각보다 맛있었어요. 고기도 꽤 실하고 대파와 후추 넣으니 마지막 잡내 까지 잡아 알차게 깨끗이 잘 먹었습니다. 또 구매할듯요~. 좋아요 2026.04.30 도움돼요,긍정,3
"[사미헌] 갈비탕 ​컬리에서 갈비탕 부문 상위권을 늘 지키고 있길래 궁금해서 주문해 봤는데, 직접 먹어보니 왜 인기가 많은지 바로 이해가 갔습니다. ​가장 만족스러웠던 부분은 고기의 질과 넉넉한 양입니다. 냉동 국물 요리 특유의 잡내가 전혀 나지 않고, 뼈에서 살코기가 쏙 떨어질 정도로 부드럽게 잘 삶아져 있습니다. 국물 역시 인위적이고 자극적인 조미료 맛보다는, 뼈를 오랫동안 정성껏 고아낸 깔끔하고 깊은 감칠맛이 납니다. ​조리법도 정말 간단합니다. 해동 후 냄비에 넣고 끓이기만 하면 되는데, 취향에 따라 송송 썬 파와 당면, 떡국떡을 추가하면 웬만한 갈비탕 전문점 못지않은 푸짐한 한 상이 완성됩니다. 국물 양이 넉넉해서 밥을 말아 먹기에도 모자람이 없네요. ​냉동실에 몇 팩 쟁여두면 반찬이 마땅치 않은 날이나 바쁜 아침에 빠르게 차려내기 정말 유용한 비상식량입니다. 가격 대비 퀄리티가 훌륭해서 앞으로도 컬리 장볼 때 계속 재구매할 예정입니다. 2026.08.02 도움돼요",긍정,6
[컬리멤버스][사미헌] 갈비탕 오 뭐야 너무 괜찮네요 ㅋㅋㅋㅋㅋㅋㅋ 고기도 샤악 빠지고 가격대비 괜찮은 것 같어요 👍 사미헌에서 먹는거랑 차이는 있지만 밀키트 궁금했는데 나쁘지 않은 것 같아서 다음에 또 시켜 먹울 것 같아요 부모님도 주문 해 드렸는데 다 맛있게 드셨어요 감사합미다 ❣️✨ 2026.02.26 도움돼요,긍정,2
"[컬리멤버스][사미헌] 갈비탕 점심 메뉴로 뭘 먹을까 고민하다가, 컬리에서 늘 상위권에 있는 사미헌 갈비탕을 처음 주문해봤어요. 평소 갈비탕을 좋아하는 남편이 궁금해하길래 이번엔 제대로 먹어보자 싶었죠. 포장부터 깔끔하게 되어 있어서 별다른 조리 과정 없이 데우기만 하면 완성이라 정말 간편했어요. 국물 색이 진하고 고기 양도 생각보다 넉넉해서 식탁에 올리자마자 기대감이 확 올라갔어요. 다른 반찬 없이 김치만 곁들였는데도 충분히 맛있었어요. 한입 먹자마자 느껴진 건 고기의 부드러움이었어요. 질기지 않고 촉촉하게 잘 익은 갈비살이 국물과 어우러져 정말 든든하더라고요. 국물은 기름지지 않고 깔끔하면서도 깊은 맛이 나서 진하게 우려낸 육수의 풍미가 느껴졌어요. 간도 세지 않아서 김치랑 먹으니 딱이었고, 남편도 식당에서 사먹는 것보다 맛있다며 그릇을 싹 비웠어요. 양도 충분해서 두 그릇 나눠 먹고 나니 포만감이 꽤 오래가더라고요. 가격 대비 만족도가 높았고, 무엇보다 냉동식품 특유의 인공적인 맛이 전혀 없어서 좋았어요. 간단하게 한 끼 해결하고 싶을 때, 든든하고 따뜻한 국물 요리를 찾는다면 사미헌 갈비탕 정말 추천드리고 싶어요. 한 번 먹어보면 왜 컬리 1위인지 바로 알게 될 거예요 🍲 2025.11.12 도움돼요 36",긍정,12
[사미헌] 갈비탕 맛있어요~~ 늘 주기적으로 사요. 부들부들한 고기가 많이 붙은 4~5개정도 갈비대가 들어있고 파한대와 계란지단 넣고 먹으면 저희 식구 셋이 배불리 먹을 수 있는 양 입니다. 7살 딸아이가 엄지척을 계속 날리는 맛있는 한끼 식사여서 늘 쟁여둡니다. 오래오래 팔아주세요~~^^ 2026.08.31 도움돼요 1,긍정,2
"[사미헌] 갈비탕 마켓컬리 재재재 구매템⭐⭐⭐⭐⭐ 모든 집 냉동실에 하나씩은 있어야하는 필수템 국물 한입 먹자마자 깔끔하고 깊은 맛이 느껴지는 갈비탕.기름지지 않고 맑은 국물이라 부담 없이 먹기 좋았고, 집에서 끓였는데도 전문점에서 먹는 느낌이 났습니다 😝 파만 추가하면 끝!! 갈비도 큼직하게 들어 있어서 만족스러웠어요. 젓가락으로 살짝만 건드려도 고기가 부드럽게 발라질 정도로 잘 익어 있었고, 잡내 없이 담백했습니다. 밥 말아서 김치랑 같이 먹으니 든든한 한 끼 식사로 손색이 없네요. 조리도 간편해서 냉동실에 쟁여두고 바쁜 날 꺼내 먹기 좋을 것 같아요. 국물 맛과 고기 양 모두 만족스러워 재구매 의사 있습니다. 😋 2026.06.01 도움돼요 1",긍정,9
"[컬리멤버스][사미헌] 갈비탕 컬리에서 여러 국물류 먹어봤는데 이 갈비탕은 진짜 재구매 각이에요. 한 번 먹고 맛있어서 바로 또 샀습니다. 고기 잡내 없고 국물도 깔끔해서 집에서 끓인 느낌이 나요. 따로 손질할 것도 없고, 파랑 후추만 톡톡 넣어주면 간도 딱 맞고 풍미가 살아나요. 조미료 맛 과하지 않아서 더 좋았어요. 무엇보다 너무 편한 게 최고 장점이에요. 냉동 상태 그대로 냄비에 넣고 끓여도 되고, 10분 정도면 저녁 한 끼가 뚝딱 준비됩니다. 바쁜 날이나 입맛 없을 때, 몸보신하고 싶을 때 정말 유용해요. 고기도 생각보다 실하고 질기지 않아서 먹기 좋았고, 밥 말아 먹어도 끝까지 맛있어요. 냉동실에 쟁여두면 든든한 제품이라 앞으로도 계속 재구매할 것 같아요. 2026.01.20 도움돼요",긍정,7
[사미헌] 갈비탕 무조건 쟁여템중 하나에요. 냉동실에서 꺼내서 바로 익혀줘도 고기가 너무 야들야들해서 맛있어요. 무우넣고 끓이면 식당갈비탕 저리가라 입니다!! 너무맛있어요! 2026.08.17 도움돼요,긍정,2
[사미헌] 갈비탕 사미헌 갈비탕이 컬리베스트메뉴중 하나라서 구매해봤어요! 신랑이 고기국물 요리중에 깔끔하고 시원한맛의 갈비탕을 좋아하는데 갈비탕은 집에서만들어서 먹기엔 손도많이가고 힘들어서 맛있는 밀키트를 사먹는게 더 편하고 좋더라구요! 냉동으로 배송되고 플라스틱케이스에 진공포장되어있는데 깨진거없이 잘 도착했어요! 후기보니 냉동상태로 끓여도되지만 해동시켜서 끓여먹는게 좋다고해서 먹기하루전날 냉장실에서 해동시켜줬어요. 갈비탕은 밥에 김치만있어도 맛있지만 맛있는 갈비탕국물에 떡국떡이랑 만두넣고 떡만두국 끓여먹으면 엄청맛있어서 떡만두국만들어봤어요! 해동된 사미헌 갈비탕을 냄비에 넣어주고 중불로 끓여줬어요. 갈빗대 4대가들어있고 국물도 꽤 많아서 성인2인이 먹을수있어요! 갈빗대4대중 2개는 갈빗살을 발라서 떡만두국위에 올릴고명으로 사용할꺼라서 먹기좋게 잘라주고 사미헌 갈비탕이 끓기시작하면 떡국떡이랑 비비고냉동만두랑 다진마늘약간 넣어준다음 3분정도 끓여주다가 채썬대파왕촹넣어주고 후추톡톡톡 뿌려준다음 그릇에 담아주고 계란지단 올려주면 사미헌갈비탕으로 만든 떡만두국완성이에요! 저희신랑이 떡만두국먹을때 모듬전 같이먹는걸 좋아해서 동그랑땡 육전 동태전 꼬지전 후라이팬에 노릇노릇하게 구워준다음 접시에 이쁘게담아서 준비해줬어요! 사미헌 갈비탕은 고기누린내 전혀나지않고 진한데 맑고 기름지지않은 별도의 간을 하지않아도되는 맛있는갈비탕이에요! 갈빗대에 붙어있는고기는 부드럽고 손쉽게 갈비에서 분리되서 치아가 약하신분들도 먹을수있어요! 직접만든 양념간장에 갈빗살찍어먹으면 맛있어서 청양고추다진것 미자언니네맛간장 식초 매실청으로 만든 양념간장에 와사비살짝올려주면 갈빗살찍어먹을 양념간장도 준비끝! 신랑이 국물 한모금 먹더니 맛있다고 어디꺼냐고?묻더라구요^^ 갈비탕에 소면이나 당면사리 넣어먹어도 맛있지만 갈비탕으로 떡만두국만들면 고급진 떡만두국이 완성되니까 다가오는 1월1일에 컬리에어 사미헌갈비탕 구매해서 떡만두국 만들어 드셔보시는건 어떨까요? 2025.12.21 도움돼요 2,긍정,13
[사미헌] 갈비탕 너무 맛있어서 주변 지인분들께 믿고 먹을수 있는 갈비탕이라고 늘 추전하는 제품입니다. 뼈에서 살도 잘 분리되고 국물도 기름기 전혀 없어 느끼하지 않고 아주 깔끔하고 단백해서 계속 찾게 되는 정말 맛있는 갈비탕입니다~^^ 강추입니당~^.^ 2026.08.27 도움돼요,긍정,3
[사미헌] 갈비탕 너무 유명한 사미헌갈비탕을 처음 구입했어요. 그동안 잘먹고 있던 갈비탕과 매우 흡사한 맛이라 만족하고 잘 먹었어요. 갈빗대도 4개 고기맛도 고소하고 감칠맛도 있어요. 국물맛은 좀 간간하지만 물 조금 더 넣고 끓였더니 괜찮아요. 비상용으로 매번 자주 구매할거 같아요. 2026.07.13 도움돼요,긍정,4
[사미헌] 갈비탕 사미헌 갈비탕 깔끔하니 너무 맛있어요 고기도 실하고 부들부들 맛있어서 세번째 주문했어요~ㅎ 왜부산유명 갈비탕 맛집인줄 알거같아요~이젠 집에서도 맛있는 갈비탕을 먹을수있어요 넘 좋네요~ 다먹고 또 컬리로~~^^ 2026.07.11 도움돼요,긍정,4
[사미헌] 갈비탕 지난 번 맛있게 먹어서 한번 더 주문했어요. 고기가 아주 연하진 않은게 단점이지만 국물에 기름기가 적어 저는 그점이 좋았어요.고기가 좀 더 부드러우면 더 좋을 것 같아요! 맛있게 잘 먹을게요. 2026.08.19 도움돼요,긍정,3
[사미헌] 갈비탕 매번 떨어지기 무섭게 주문해서 먹고 있어요. 냉동실에 쟁여놨다가 급할 때 먹거나 국이 없을 때 먹기 아주 좋아요. 고기도 고소하고 국물 맛이 아주 좋아요. 2026.08.08 도움돼요,긍정,3
[컬리멤버스][사미헌] 갈비탕 겨울이 되니 뜨끈한 국물이 먹고싶더라구요 뭘 골라야 할지 몰라서 랭킹 상위에 있고 마침 세일도 하는 사미헌 갈비탕으로 주문했어요. 큰 갈빗대가 4대 들어있고 국물이 정말 넉넉하게 들어 있어서 둘이 먹고도 남았어요. 간은 제가 아무것도 첨가할게 없어서 제품만 먹어서 그런지 입맛엔 살짝 짰지만 밥이랑 먹기 좋았고 국물도 깔끔하고 고기가 갈빗대 부분도 그냥 물면 잘릴 정도로 부드러워서 맛있게 잘 먹었어요. 2026.01.09 도움돼요,긍정,3
"[사미헌] 갈비탕 벌써 몇번째 재구매인지.. 내용물 가득하고. 세식구 한끼 넉넉합니다. 냉동실에 한두개 미리쟁여있어야 맘편해요. 김치만 있으면, 간단하게, 든든한 한끼해결됩니다. 맛도좋고, 세일 자주해주면 좋겠어요~ 2026.08.17 도움돼요",긍정,2
[사미헌] 갈비탕 사미헌은 사랑입니다. 부담없이 잘 먹을 수 있어요. 고기도 맛있고 국물도 짜지 않고 간이 딱 좋아요. 세일 하면 구매각 2026.08.05 도움돼요,긍정,1
[사미헌] 갈비탕 역사와 스토리가 있는 제품입니다. 매우 훌륭합니다. 좋은 제품을 좋은 가격에 사용할 수 있어서 너무 좋습니다. 여러분에게 적극적으로 추천합니다. 정말 훌륭한 제품입니다. 복많이 받으세요. 사미헌에서 먹던 그 맛 그대로입니다. 집에서 간단하게 사미헌의 맛을 간편하게 즐길수 있습니다. 사미헌의 맛이 그대로입니다. 아주 그냥 살려줘요. 담백한 갈비탕 국물 냄새로 눈의 번쩍이는 이 놀라운 맛의 비밀은 무엇일까요? 그것은 바로 사미헌의 맛을 간편하게 밀키트에 넣은 마켓컬리의 노하우입니다. 여러분에게 좋은 제품을 추천합니다 2026.02.06 도움돼요,긍정,8
"[컬리멤버스][사미헌] 갈비탕 사미헌 갈비탕 주문후기 입니다!♡ 가족들 최애 탕이라 냉동실에 늘 쟁여두는 사미헌 갈비탕. 몇 번을 먹어도 질리지 않고, 먹을 때마다 아 역시 사미헌! 하게 되는 그 깊은 맛이 있어요. 갈빗살이 야들야들해서 숟가락으로도 톡 떨어지고, 기름지지 않은 깔끔한 국물은 가족들 모두 좋아할 맛이라 식탁에 올리면 항상 빈 그릇으로 끝나요. 바빠서 요리할 여유 없을 때도 전자레인지나 냄비에 살짝만 데워 후추.대파 톡 넣어 먹으면 식당 가지 않아도 집에서 근사하고 푸짐한 한 끼가 완성되는 점이 가장 큰 장점! 저는 숙주도 넣어 또 색다른 맛으로도 즐기기도 해요 새해 떡국도 요 사미헌 갈비탕에 떡국떡만 넣음 완성! 매번 만족하는 맛이라 앞으로도 계속 재주문행진 이어질 듯해요. ***** 이상으로 후기를 마무리할게요 :) 제 후기가 조금이라도 도움이 되셨다면 ‘도움이 돼요’ 버튼 살짝 눌러주시겠어요? 작은 응원이 큰 힘이 됩니다. 여러분의 관심 덕분에 언제나 더 꼼꼼하고 솔직한 리뷰를 전해드리려 노력하고 있어요. 앞으로도 믿고 참고하실 수 있는 진짜 후기와 생활 속 꿀팁으로 찾아올게요. 감사합니다 ♡ 2025.12.09 도움돼요",긍정,2
[사미헌] 갈비탕 갈빗대 4-5개 정도고 아이가 먹더니 고기가 부드럽다고 ㅎㅎ 국물도 깔끔해요!! 가격도 정말 착하네요 요즘시대에~ 나가서 먹을 필요 없눈 고마운 음식이엇어요^^ 컬리 땡큐 ㅎ 2026.06.21 도움돼요,긍정,2
[사미헌] 갈비탕 처음 구매하는거라 반신반의 했는데 맛도 양도 합격~ 간이 좀 쎄서 물 한컵 추가하고 당면사리와 양지 국거리 300g 추가했더니 2인 먹기에 딱이네요 쟁여두고 급할때 먹음 좋을거같아요 갈비대는 5개 나왔어요. 사진은 4개인데 하나 더 나옴 2026.08.14 도움돼요 1,중립,0
[컬리멤버스][사미헌] 갈비탕 우거지 갈비탕 재구매 하면서 유명하다해서 같이 구매했네요~ 우거지 갈비탕부터 먹어봤는데 아주 대 만족해서 왜 유명한지 알아버렸어요. 맛집 레시피로 만든 제품들 많이 먹어봤는데 솔직히 만족했던 제품 없는데 이 갈비탕은 꼭 드셔보세요!!! 웬만한 갈비탕도 비싼데 이 가격에 이 맛은 쌀쌀한 날 몸보신하고 싶을때 꼭꼭 생각날 맛이예요. 냉동실 자리 생기면 꼭꼭 채워야겠어요~ 구매에 도움이 되신다면 도움돼요 한번 늘러주세요^^ 2025.12.07 도움돼요,긍정,3
"[사미헌] 갈비탕 유명 맛집의 갈비탕을 집에서 편하게 즐길 수 있어서 대만족입니다. 큼직하고 부드러운 갈빗대가 넉넉히 들어있고, 맑고 깊은 국물 맛이 일품이에요. 해동해서 끓이기만 하면 되니 정말 간편합니다. 든든한 보양식이 필요할 때나 마땅한 반찬이 없을 때 꺼내 먹기 최고예요 2026.08.12 도움돼요",긍정,5
[사미헌] 갈비탕 평소 갈비탕을 좋아하다보니 여기저기 홈쇼핑 갈비탕도 주문해서 먹어봤지만 사미헌 유명 맛집인만큼 갈비탕 맛있네요~ 3팩 시켜서 당면이랑 팽이버섯이랑 파넣고 먹었더니 맛집 갈비탕 보다 더맛나네요~ 갈비탕 좋아하시는분은 후회 안하실거같네요 2026.06.28 도움돼요 2,긍정,4
[사미헌] 갈비탕 아주 간편합니다. 맛은 최고구요. 방학중 고1 아들도 셀프로 끓여먹을 정도로 최고라 계속 쟁여둡니다^^ 2026.07.29 도움돼요,긍정,3
[사미헌] 갈비탕 괜히 유명한게 아니네요 왕갈비 뼈 4개 들어있어요 국물도 맛있구 냉동실 쟁여탬으로 아주 든든해요! 2026.07.29 도움돼요 1,긍정,2
[사미헌] 갈비탕 우리집 필수품 갈비탕!! 떡국떡 넣어서 떡 갈비탕으로 먹으면 최고의맛!! 사미헌이 국물도 제일 깔금하고 고기도 푸짐해서 늘 이것만 먹어요 2026.09.10 도움돼요,긍정,2
[사미헌] 갈비탕 딱 1인분이네요.고기는 4덩이있었고 국물은 넉넉해요~당면 넣고 대파넣으니 사먹는거 같아서 한끼 때우기 딱이에요. 2026.09.10 도움돼요,중립,0
[사미헌] 갈비탕 전에 마트에서 구매해보고 맛있어 컬리 신규가입하고 할인받아 저렴히 구매했어요 고기도 크고 국물도 깔끔하니 맛있어요 2026.09.09 도움돼요,긍정,3
[사미헌] 갈비탕 사미헌 갈비탕은. 대량으로. 구매하는것이. 저렴 맛은 다른갈비탕에. 비해. 국물기. 깔끔. 기름기가. 적다 비상식량으론. 굿 2026.09.09 도움돼요,중립,0
[사미헌] 갈비탕 아들이 갈비탕을 좋아해서 컬리에 판매하는 갈비탕은 다 구매해봤는데 개인적으로 사미헌이 젤 맛있는것 같아요 2026.06.12 도움돼요,긍정,2
[사미헌] 갈비탕 사미헌 갈비탕 남편과 아들이 맛있대요. 또 구입해야겠네요 국물도 맛있고 고기도 맛있대요 또ㅈ구입해야겠어요 2026.04.21 도움돼요 1,긍정,3
"[사미헌] 갈비탕 부산의 전통 맛집으로 유명한 사미헌 갈비탕은 엄선된 재료와 정성 어린 조리법으로 많은 사랑을 받는 프리미엄 보양식입니다. ​진하고 깔끔한 육수: 20년 전통의 노하우가 담긴 육수는 기름기를 일일이 수작업으로 제거하여, 묵직하면서도 뒷맛이 매우 깔끔합니다. 자극적이지 않고 깊은 감칠맛 덕분에 남녀노소 누구나 부담 없이 즐길 수 있습니다. ​엄선된 고기 품질: 육질이 연하고 부드러운 갈비만을 선별하여 사용합니다. 뼈에서 살코기가 부드럽게 분리될 정도로 잘 삶아져 있어 식감이 우수하며, 고기 특유의 고소한 풍미가 살아있습니다. ​간편한 조리 및 보관: 급속 냉동 공법을 사용해 매장에서 먹는 맛 그대로 집에서도 간편하게 즐길 수 있습니다. 별도의 손질 없이 냄비에 넣고 끓이기만 하면 되어 바쁜 일상 속 든든한 한 끼로 제격입니다. ​다양한 활용도: 갈비탕 자체로도 훌륭하지만, 떡국이나 만둣국, 칼국수의 베이스 육수로 활용하기에도 좋아 주방의 '치트키' 역할을 톡톡히 합니다. ​신선한 파와 당면을 곁들여 더욱 풍성하게 즐겨보실 수 있습니다. 2026.03.13 도움돼요",긍정,12
[사미헌] 갈비탕 사미헌 갈비탕 세일하길래 2팩사서 하루만에 다먹고 4팩 더 샀어요 요즘 가을이 왔는지 맛있는게 자꾸만 땡겨요 2026.09.08 도움돼요,긍정,1
[사미헌] 갈비탕 정말 이 갈비탕...몇번을 샀는지... 매번 만족입니다^^ 우선 아이들이 잘 먹으니 대만족입니다. 2026.09.08 도움돼요,긍정,2
[사미헌] 갈비탕 잡내 전혀 없고 국물이 맑고 깊어서 파만 추가해서 끓여 먹으니 매장 맛 그대로입니다. 고기도 부드럽게 쏙 잘 떨어지네요. 가격은 약간 있지만 퀄리티가 좋아서 재구매 의사 있습니다! 2026.09.07 도움돼요,긍정,3
[사미헌] 갈비탕 사미헌 갈비탕 사먹은뒤로는 배달갈비탕 일절 안시켜먹어요ㅋ 훨씬 맛있습니다ㅋ 적당히 바글바글 끓이고 파랑 후추만있으면 끝입니다^^ 2026.09.07 도움돼요,긍정,1
[사미헌] 갈비탕 새벽배송오자마자 아이들 아침주느라 이렇게 사진을 올렸네요 아침에 주기 부담스럽지않고 고기도 부드러워요 맛있어요~ 2026.09.07 도움돼요,긍정,1
[사미헌] 갈비탕 갈비양이 작아진거 같아요.팽이버섯이랑 파 듬뿍 넣으니 너무 맛있어요.전복하나 넣음 더 맛있을거 같긴해요. 2026.09.07 도움돼요,긍정,2
[사미헌] 갈비탕 휴일에 간단하게 데워서 밥말아먹기좋아요 . 고기도 많고 별다른 반찬없이도 2인이 충분히 먹었어요. 다른반찬을 많이 준비한다면 3인도 가능할것 같아요~ 2026.09.06 도움돼요,긍정,1
"[사미헌] 갈비탕 가족들이 좋아해서 자주 구매해요. 갈비살이 질기지 않아고, 한끼 든든하게 먹을 수 있어서 좋아요! 2026.09.06 도움돼요",긍정,2
[사미헌] 갈비탕 매번 시켜먹는 갈비탕이에요 고기가 꽤 튼실하게 들어가 있고 국물이 너무 맛있어서 한끼 식사로 좋아요 2026.09.05 도움돼요,긍정,2
[사미헌] 갈비탕 따뜻한 국물이 당겨서 양도 많고 고기도 실한 사미헌 갈비탕을 주문했어요. 한팩 끓이면 두명은 먹을 수 있어요. 2026.09.05 도움돼요,중립,0
[사미헌] 갈비탕 잘 뜯기는 고기뼈만 들어있고 육수가 넉넉해서 당면 넣어먹으면 더 맛날것 같아요. 고기 찍어먹는 소스가 들어있으면 더 좋을것 같아요. 2026.07.23 도움돼요,중립,0
[사미헌] 갈비탕 리뷰가 좋아서 주문했는데 한팩에 갈비가 4.5개 들어있고 국물도 넉넉해서 당면도 추가해서 같이 먹었는데 국물이 짜지도 않고 심심하니 맛있었어요! 고기도 질기지 않아 먹기 편했습니다! 2026.06.20 도움돼요,중립,0
[사미헌] 갈비탕 갈비탕은 사미헌이 진리입니다ㅎ 당면 불려놨다가 넣어주고 대파 살짝 썰어넣어주면 아이들 한그릇 순삭!! 한팩으로 아이 둘 나눠주면 딱 좋아요~ 2026.09.04 도움돼요,긍정,1
[사미헌] 갈비탕 컬리에서 그렇게 유명한 사미헌 갈비탕 .. 드디어 시켜봄 ㅜㅜ 주말에 엄마랑 둘이 해먹으려고요 추가로 고기는 듬뿍 넣으면 더 마싯을듯 2026.09.03 도움돼요,중립,0
[사미헌] 갈비탕 처음 사봤는데 맛있네요. 고기도 많이 들었고요. 아침에 당면 추가해서 석박지랑 주니까 잘 먹네요. 2026.09.02 도움돼요,긍정,1
[사미헌] 갈비탕 감칠맛이 돌면서 후추의 맛 같은 알싸함이 아주 살짝 입안을 맴도는 맛이 좋네요..갈비도 부드러워서 잘 씹어지고 국물을 머금은 육즙이 갈비맛을 더 살리는 것 같아 한끼 식사가 만족스럽네요 2026.06.17 도움돼요,긍정,1
[사미헌] 갈비탕 쟁여템으로 냉동실에 늘 자리잡고 있어요. 고기 양도 많아요. 간이 좀 세서 무우와 버섯넣고 함께 끓이면 맛이 배가 되요. 어떤 갈비탕보다 최고예요. 2026.09.01 도움돼요,긍정,1
[사미헌] 갈비탕 떨어지기가 무섭게 쟁여템 1번이예요 국거리 마땅찮을 때 파 듬뿍 넣고 후추가루 살짝 뿌리고 딱 이거 하나면 최고!! 2026.09.01 도움돼요,긍정,1
[사미헌] 갈비탕 맛있어서 항상 쟁여놓고 먹는 갈비탕입니다. 타 브랜드보다 기름기도 없이 깔끔하고 잡내없이 고기도 연하고 좋아요. 친정부모님도 맛있다고 칭찬하는 갈비탕입니다 2026.09.01 도움돼요,긍정,4
[사미헌] 갈비탕 꾸준히 구매하는 품목. 다른거 먹어봐도 돌고돌아 사미헌이 가장 맛있어요. 고기도 실하고 연해서 아이가 잘 먹어요. 2026.09.01 도움돼요,긍정,1
"[사미헌] 갈비탕 처음엔 후기 많길래 반신반의하면서 주문했는데, 먹어보자마자 왜 인기 있는지 알겠더라고요. 국물이 진하고 깊은데 느끼하지 않고, 갈비도 냄새 없이 부드러워서 만족스러웠어요. 한 번 먹고 마음에 들어서 재구매까지 했습니다. 조리도 정말 간단해서 냉동 상태 그대로 냄비에 넣고 끓이기만 하면 되고, 파랑 후추만 살짝 넣어주면 따로 간 볼 필요도 없어요. 준비부터 완성까지 10분 정도라 퇴근 후나 바쁠 때 저녁 메뉴로 딱입니다. 집에서 직접 끓인 갈비탕처럼 퀄리티가 좋아서 외식 대용으로도 손색없고, 밥 말아 먹어도 국물 맛이 끝까지 살아 있어요. 냉동실에 하나만 있어도 든든해지는 제품이라 앞으로도 계속 쟁여둘 예정입니다. 2026.01.20 도움돼요",긍정,3
[사미헌] 갈비탕 새벽배송 이라서 아직 먹어보진 않았어요. 상품평 좋은거로만 픽해서 주문 했어요.. 얼른 아침에 해서 먹어보고 싶네요. 갈비탕에 최강자라서 구매했어요. 2026.08.31 도움돼요,중립,0
[사미헌] 갈비탕 제품에 대한 설명에 부산의 유명한 갈비탕집이라 소개되어있다. 국물이 진하고 갈비살이 4대 들어있다 2026.08.31 도움돼요 1,긍정,1
[사미헌] 갈비탕 아이 국없을때 꺼내서 주기좋아요 고기도 질기지않고 갈빗대에서 술술 벗겨져서 아이도 먹기편하구요 계란하나 풀어서 대파넣고 끓이면 맛이 더좋아요 2026.08.30 도움돼요 1,긍정,2
[사미헌] 갈비탕 바쁜아침 아이들 식사로 좋아요 고기잡내도 없고 질기지않고 깔끔해요 간간해서 물을 조금 넣어서 끓이면 좋아요 2026.08.30 도움돼요,긍정,2
"[사미헌] 갈비탕 갈비탕 중에서도 깔끔한 맛이 제일 좋아 종종 구매하고 있어요. 잡내도 없고, 반찬 없을 때 데우기만 하면 되니 편해요. 2026.08.30 도움돼요",긍정,2
[사미헌] 갈비탕 여름이라 몸이 축나보이는 아들사람에게 파송송 후추 탁! 한그릇 먹고 든든하다며 다음 한 끼는 건너뛰네요. 😀 2026.08.30 도움돼요,긍정,1
"[컬리멤버스][사미헌] 갈비탕 🤓고기 양이 꽤 실하고 국물이 정말 맑습니다. **소갈비가 30%**나 들어있어서 그런지 씹는 맛이 있고, 동봉된 국물도 기름기 없이 깔끔하면서도 깊은 맛이 나네요. 대파만 살짝 더 넣었더니 파 향이 어우러져서 웬만한 식당에서 먹는 것보다 훨씬 만족스러웠습니다. 아이와 남편에게 국물에 밥 말아주니 한 그릇 뚝딱이네요. 재구매 의사 200%입니다! 🍖잡내 없이 깔끔하고 고기가 부드러워요! 🍛​맛: 국물이 짜지 않고 담백해서 끝까지 질리지 않게 먹을 수 있습니다. 🍖​고기 질: 갈비가 듬뿍 들어있고 질기지 않아 아이들이나 어르신들이 드시기에도 좋습니다. 🍥​편의성: 1kg 대용량이라 한 팩으로 넉넉하게 먹기 좋고 조리도 간편합니다. 😎​총평: 유명 맛집 제품이라 그런지 확실히 냉동 갈비탕 특유의 잡내가 전혀 없네요. 냉동실 필수 쟁임템으로 추천합니다! 2026.01.18 도움돼요",긍정,5
[사미헌] 갈비탕 넘 국물 깔끔하고 좋았어요 고기는 약간 질기지만 먹을수있을정도였구요 떡국 물만두 몇개넣어주니 푸짐하네요~ 재구매 해요 2026.08.29 도움돼요,긍정,3
[사미헌] 갈비탕 후기가 좋아 처음 구매했어요 당면과 파를 추가하니 갈비탕 집에서 먹는 맛이랑 똑같다며 남편이 잘 먹더라고요 고기 양도 넉넉하고 국물이 담백하고 깔끔해요 2026.08.29 도움돼요,긍정,3
"[사미헌] 갈비탕 갈비대에 붙은 살이 엄청 실해서 깜짝 놀랐어요! 이 가격에 고기를 이렇게나!! 국물 깔끔하고 잡내하나 없어요. 대파, 무 썰어 넣고 맹물 더 넣어 간 맞춰 먹었어요. 완전 간편한데 맛 좋은 제품이에요. 종종 주문할 것 같아요. 2026.05.04 도움돼요",긍정,2
[사미헌] 갈비탕 갈비탕을 데우기만 해서 요리하기 너무 쉬웠으며 국물도 짜지 않고 고기의 양도 많으며 부드러워 아이에 입맛에 딱 맞더라구요. 제품 구매를 너무 잘한 것 같아 너무 기분이 좋았습니다. 다음에도 재구매할거예요. 2026.04.22 도움돼요,긍정,1
[사미헌] 갈비탕 갈비대가 큼직한 갈비가 4덩이 들어 있어요~ 전 먹기 편하게 가위로 잘랐어요. 계란 풀고~불린 당면 추가해서 먹었는데 맛 있네요! 2026.02.22 도움돼요,긍정,1
[사미헌] 갈비탕 매달 주문하게 되는 갈비탕 이것저것 여러곳 갈비탕을 먹어봅니다.국물이 많아 따로 조금씩 모아놨다가 배추국을 끍여 먹어도 맛있어요 2026.08.28 도움돼요,긍정,1
[사미헌] 갈비탕 고기양도 적당하고 국물이 맛있어서 맛있게 먹고 있어요 간단하게 먹을 수 있어서 또 사놓을 것 같네요 2026.08.28 도움돼요,긍정,2
[사미헌] 갈비탕 저녁에 휘리릭 파 한단 송송 썰어 남편과 잘먹었습니다. 육수가 깔끔하니 괜찮네요~ 갈비대는 5쪽 됩니다. 맛있어요^^ 2026.08.28 도움돼요,긍정,4
[사미헌] 갈비탕 고기 양도 많고 부드러워서 아이들이 먹기 좋습니다 한팩으로 아이와 함께 잘먹었습니다 진짜 맛있어요 2026.08.28 도움돼요 1,긍정,1
"[사미헌] 갈비탕 2팩에 물 200ml 추가해서 끓이니 간이 딱 좋아요. 국물 넉넉하고, 고기양도 적당히 한끼 먹기엔 3인도 괜찮아요. (고기 위주로 먹고 싶다면 2인 추천) 당면 불려서 한 줌 넣고, 계란도 두 알 풀어서 넣으니 든든하고 맛있어요ㅎㅎㅎ 2026.04.03 도움돼요",긍정,5
"[사미헌] 갈비탕 우리집 최애 쟁여템 계절 상관없이 컬리의 국,탕 중엔 이게 1번입니다~~ 국물도 깔끔하고 고기도 먹을만하게 붙어 있는것이 고소하고 맛있어요 2026.08.27 도움돼요",긍정,3
[사미헌] 갈비탕 좋아요 갈비탕 맛있어요 자주 구매하는 제품입니다 고기 누진내도 안 나고 좋아요 비리지 않고요 맛있습니다 2026.08.27 도움돼요,긍정,3
"[사미헌] 갈비탕 몇번을 재구매했는지 몰라요. 마켓컬리에서 구매한 제품중에 재구매를 재일 많이한 사미헌갈비탕! 육아를 하다 보면 밥 챙겨 먹는 것도 일이더라고요. 특히 아이 밥 먹이고 치우고 나면 정작 제 밥은 대충 때우게 되는 날이 많은데요. 그래서 냉동실에 항상 간편식 몇 가지 쟁여두는데 항상 쟁여두는 제품이지용 일단 해동할 필요 없이 냄비에 붓고 끓이기만 하면 끝! 요리라고 하기에도 민망할 정도로 쉬운데 맛은 사먹는 갈비탕 저리가라~ 너무 자극적이지 않고 집에서 오랫동안 푹 끓인 갈비탕 같은 느낌이었어요. 후추를 살짝 넣고 송송 썬 대파를 듬뿍 올려주니 식당에서 먹는 갈비탕 부럽지 않더라고요. 고기 양도 듬뿍이라 남편하고 같이먹을땐 한개로 둘이 나눠먹어도 충분해서 좋아요. 살도 제법 붙어 있어서 뜯어 먹는 재미가 있었고 질기지 않아 부드럽게 먹을 수 있었답니다. 육아 중에 식사챙길때 김치 하나만 꺼내도 근사한 한끼가 되더라고요. 냉동실에 몇 팩 쟁여두면 밥하기 귀찮은 날, 갑자기 국물 생각나는 날, 남편 식사 챙겨줘야 하는 날 정말 유용해요. 2026.06.22 도움돼요",긍정,5
[사미헌] 갈비탕 말해뭐해 사미헌갈비탕은 유명하죠 한팩으로 충분히 2인분 가능 시원하니 파만 토핑하면 더 맛있게 먹을수있어요~ 2026.08.26 도움돼요 1,긍정,1
[사미헌] 갈비탕 딸아이가 좋아해서 자주시켜먹는 품목중 하나입니다. 따듯한 국물먹고싶을때 금방 녹여서 끓여먹을수 있어서 너무 좋아요!! 2026.08.26 도움돼요,긍정,2
[사미헌] 갈비탕 국물이깨끗하고뼈에붙어있는살들이쏙쏙잘빠지고연하고부드러워서맛있어요.한팩에갈비가4개들어있고살점이1개있어요.국물에밥말아먹으니맛있네요. 2026.08.26 도움돼요 1,긍정,2
[사미헌] 갈비탕 할인받아서 잘 구매했어요 사미헌 갈비탕은 맛있어서 꾸준히 구매하게 되네요. 떡국 만두국 골구루 해먹기 좋아요 2026.08.26 도움돼요,긍정,2
[사미헌] 갈비탕 믿고 먹는 사미헌갈비탕~ 반찬없을때 하나로 2인분 가능해요~ 육수가 많아서 집에 있는 당면이나 국수 같이 먹음 좋아요~~ 2026.08.26 도움돼요,긍정,1
"[사미헌] 갈비탕 사미헌 갈비탕은 냉동실에 하나쯤 항상 품어두고가는 제품이에요! 일단 갈비탕 맛 자체가 좋아서 굳이 외출해서 먹으러가지않아도 충분히 만족스러워요. 저는 보통 갈비탕이 살짝 짭짤하게 느껴져서 물을 조금 추가해서 먹고요, 조금 끓이다보면 갈비 살과 뼈가 분리가 엄청 잘되어서 저는 아에 끓이면서 뼈 빼내고 고기만 잘라서 당면까지 넣어 마무리하여 먹는 편이에요. 마무리로 다진파랑 후추 뿌려먹으면 외식이 필요없습니다. 양도 넉넉해서 아이랑 엄마 둘이 배터지게 먹을 수 있어요! 완전 추천드리며... 저는 또 사러갑니다 ㅋㅋ 2025.11.16 도움돼요",긍정,3
"[사미헌] 갈비탕 빠르고 정확한 배송, 꼼꼼한 포장, 가족 모두가 좋아해서 자주 구매해서 먹었던 상품임. 명불허전! 사미헌 갈비탕은 냉동 갈비탕 중 최고의 가성비를 보여주는 상품이라 생각됨. 2026.08.25 도움돼요",긍정,2
[사미헌] 갈비탕 온가족이 모이는 주말에 먹으려고 냉동 보관 중입니다. 리뷰가 맛있다고 하여 주문했습니다. 더운 날에도 안전하게 배송되었습니다. 2026.08.25 도움돼요,긍정,1
[사미헌] 갈비탕 반찬 없을때 요거 하나면 끝!!! 부드러운 갈비 맛이 최고 뼈가 바로 분리되고 먹기도 좋아요♡♡♡ 2026.08.25 도움돼요,긍정,2
[컬리멤버스][사미헌] 갈비탕 처음 사먹어봤는데 넘 맛있게 잘 먹었어요 무쇠솥에 끓이니까 다 먹을때까지 따뜻해서 좋았고 당면이랑 파 따로 추가해서 먹었더니 엄청 배불렀어요 몸이 뜨끈해지는게 땀도 나고 덕분에 맛있는 갈비탕에 뜨끈하게 말아 밥한끼 뚝딱했네요 감사합니다 :) 2026.02.15 도움돼요,긍정,3
[사미헌] 갈비탕 사미헌 갈비탕 부산 유명갈비탕이라고 해서 시켜봤는데 너무 맛있네요~ 고기도 부드럽고 4조각이라 혼자서 한팩을 당면넣고 파넣어서 두번 나눠먹었네요~^^ 2026.07.11 도움돼요,긍정,2
[사미헌] 갈비탕 고기가 푸짐하고 국물이 깊고 깔끔해서 맛있어요. 끓이기만 하면 매장 맛 그대로 즐길 수 있어 대만족입니다! 2026.08.23 도움돼요,긍정,4
[사미헌] 갈비탕 잘 받았습니다. 처음 시켜 봤는데 어떨지 모르겠네요~ 맛있으면 다음에 재 구매 하도록 하겠습니다. 2026.08.23 도움돼요,긍정,1
[사미헌] 갈비탕 오랜만의 갈비탕...딱히 반찬없고 할때 간편하니 맛도 좋고 다른브랜드도 먹어봤지만 여기께 가장입에 잘맞음 파만 추가해서 먹음 맛도리 2026.08.22 도움돼요,긍정,2
[사미헌] 갈비탕 냉동실에 항상 있는 제품이에요. 다른 갈비탕보다 깔끔하고 고기도 적당해서 아이둘과 어른1명 먹으면 딱 맞습니다. 2026.08.22 도움돼요,긍정,1
[사미헌] 갈비탕 컬리 주문시 늘 시켜먹는 갈비탕입니다!!! 요번엔 세일안할때 샀지만 쿠폰이있어서 샀어용 사미헌 세일 좀 자주 해주세요~~~ 2026.08.21 도움돼요,중립,0
"[사미헌] 갈비탕 ㅎㅎ 좋아하는 갈비탕이에요~!! 파 송송썰어 넣고, 후추 팍팍 넣고 ~~뜨끈한 밥 말아서 깍두기에 먹음 최고에요~~ 2026.08.19 도움돼요",긍정,2
[사미헌] 갈비탕 당면 불려서 추가하면 더 맛있어요. 저는 물 200미리 추가해서 끓이니 간이 딱 좋았어요~~~ 대파도 송송 뿌려요~~~ 2026.08.18 도움돼요,긍정,2
[사미헌] 갈비탕 아이들이 가장 좋아하는 사미헌 갈비탕. 냉동실 필수쟁여템이에요 국물로 떡국이나 만두국 끓여먹어도 맛있어요 2026.08.18 도움돼요,긍정,2
[사미헌] 갈비탕 아들이 좋아해서 또 또 구매한 갈비탕입니다. 이번에도 맛있게 잘 먹네요. 다음에도 또 시킬거예요. 2026.07.05 도움돼요,긍정,2
"[사미헌] 갈비탕 ​★★★★★ 고기도 국물도 기대 이상으로 너무 완벽합니다! ​솔직히 냉동이라 소갈비살이 조금 질기지 않을까 걱정했는데, 한 입 먹자마자 걱정이 싹 사라졌습니다. 전혀 질기지 않고 오히려 쫄깃쫄깃하면서도 부드러운 식감이 아주 일품이네요! 고기 자체도 좋은 걸 쓰시는지 씹을수록 고소하고 정말 맛있습니다. ​특히 국물이 정말 예술입니다. 군더더기 없이 깔끔하면서도 깊고 진한 맛이 우러나서, 한 모금 마실 때마다 절로 감탄이 나오더라고요. 기름지거나 텁텁하지 않고 담백해서 바닥까지 싹싹 비웠습니다. ​고기 질부터 깔끔한 국물까지 사장님의 정성이 고스란히 느껴지는 최고의 한 끼였습니다. 앞으로 무조건 단골 예약입니다. 맛있게 잘 먹었습니다, 2026.05.23 도움돼요",긍정,4
"[사미헌] 갈비탕 갈비탕 행사해서 긴가민가 그냥 주문했던건데, 그런 마음이 죄송할 정도로 진짜 실하고 맛있는 거에요~~~ 감사한 마음에 이렇게 후기 작성합니다... 제가 육고기 냄새에 민감해서 바짝 익혀 먹고 국물 요리의 고긴 그냥 패스하는 편인데, 사미헌 갈비탕은 우와 진짜 고기 넘 푸짐하고 고기질도 완전 부드럽고 좋아서 깜짝 놀라서 이렇게 글 남겨요! 맛있고 푸짐한 갈비탕 꼭 드셔보세오ㅡ! 후회 정말 1도 없을 거에요. p.s.사미헌 갈비탕 사장님,, 정말 맛있게 잘 먹었습니다. 감사합니다. 사업 번창하시길! 2026.05.12 도움돼요",긍정,4
"[사미헌] 갈비탕 사미헌 갈비탕 제가 여러번째 먹어봤지요! 국물부터 깔끔하고 시원한 느낌이라 매번 좋았어요. 기름이 많지 않아서 깔끔하고 부담 없이 계속 떠먹게 되더라구요. 간도 세지 않아서 취향대로 소금 조금 넣어 먹기 딱 좋았어요. 갈비도 생각보다 실하게 들어 있었고, 살도 부드럽게 잘 떨어져서 먹기 편했어요. 질기지 않고 촉촉한 느낌이라 만족스러웠어요. 계란 풀어서 넣어도 좋고 당면이랑 같이 먹으니까 식감도 더 좋고, 밥 말아서 먹으니까 든든하게 한 끼 해결되는 느낌이었어요. 전체적으로 자극적이지 않고 깔끔한 스타일이라 속 편하게 먹기 좋은 갈비탕이었어요. 컨디션 안 좋을 때 또 생각날 듯해요. 편리함과 가성비 맛까지 같이 겸비한 사미헌 갈비탕 추천드립니다. 2026.04.10 도움돼요",긍정,9
[사미헌] 갈비탕 밖에서 사먹는것보다 간편하고 맛있어서 냉동실에 늘 쟁여놓고 먹어요. 비상식량^^ 4인가족 3개면 충분히 먹을수 있는 넉넉한 양 입니다 2026.08.16 도움돼요,긍정,3
"[컬리멤버스][사미헌] 갈비탕 날씨가 서늘해지고나서 사미헌 갈비탕을 자주이용하게되는데~ 포장을 열자마자 진한 육향이 확 퍼지더라고요. 이건 진짜 갈비로 우려낸 육수라는 게 느껴졌어요. 갈비는 정말 부드럽고, 입에서 살살 녹아요. 특히, 고기의 질이 너무 좋고 신선한 느낌이 들어요. 고기를 씹을 때마다 육즙이 팡팡 터지면서 고소한 맛이 입안 가득 퍼져서 행복해요! 그리고 국물 맛이 정말 일품이에요. 깊고 진한 국물 맛이 갈비와 어우러져서 한 숟가락 떠먹는 순간, 마음까지 따뜻해지는 기분이에요. 당면을 추가해서 먹으니 더 굿👍🏻 또한, 이 갈비탕은 온 가족이 함께 나눠 먹기에도 좋더라고요. 양도 넉넉해서 여러 명이서 함께 즐길 수 있어요. 특히, 추운 날씨에 따뜻한 국물 한 그릇이면 정말 최고의 위안이 되죠. 배송도 매우 빠르더라고요. 주문한 다음 날 아침에 바로 도착했어요. 냉동 상태로 잘 포장되어 있어서 신선함이 유지된 것도 좋았어요. 가격도 첫 구매 쿠폰을 적용하면 정말 저렴하게 즐길 수 있어서 가성비가 뛰어난 것 같아요. 이렇게 맛있고 푸짐한 갈비탕을 이 가격에 먹을 수 있다니, 너무 놀라워요! 갈비탕을 좋아하시는 분들, 또는 따뜻한 국물이 생각나는 날에는 꼭 사미헌 갈비탕을 추천해요! 정말 후회하지 않으실 거예요. 다시 한 번 맛보고 싶어지는 그런 맛이에요! 2025.12.05 도움돼요",긍정,8
[사미헌] 갈비탕 아이가 갈비탕을 좋아해서 주문해봤어요! 아침으로 줬더니 맛있다고 엄지척하더라고요~🤩 양도 넉넉하고 간은... 제가 아침을 안먹어서...🤣 고기도 많이 들어있어서 종종 아이 아침으로 주문할거 같아요~👍🏻 2026.07.13 도움돼요,긍정,2
[사미헌] 갈비탕 양이 생각보다 좀 돼요! 엄청 많은 정도는 아니구요. 바깥에서 낭낭하게 파는 정도같아요.! 너무 맛있게 잘먹어서 재구매해서 먹었어요. 깔끔하고 맑은 갈비탕입니다. 클래식하면서도 순정이 뭔지 보여줘서 아주 맛이 좋아요! 얼마나 맛있었냐하면 사미헌 본점 어딨는지 검색해봤을 정도로 넘 잘먹었어요! 냉동 답지 않게 고기도 맛있었구요!! 저는 버섯이랑 대파 왕왕 추가해서 먹었는데 진짜 맛도리!! 다들 추가해서 드셔보시는 것두 추천해요!! 컬리 덕분에 또 하나의 맛집을 알게 되었네요 ㅎㅎ 저는 완전 잘산템이고 주기적으로 구매해먹으려구요^^ 추천드려요:) 2026.04.01 도움돼요,긍정,9
[사미헌] 갈비탕 컬리에서 가장 많이 구매한 탕 종류인거 같아요. 깔끔한 갈비탕 맛이고 고기도 너무 적지 않아서 좋아요. 2026.08.14 도움돼요,긍정,2
[사미헌] 갈비탕 깔끔한 국물맛이 좋고 타사제품에 비해 위에 기름이 뜨지않아 좋다. 고기도 연해서 가족모두 만족함. 당면과 팽이버섯 대파등을 넣어서 푸짐하게 먹을 수 있음 2026.08.13 도움돼요,긍정,3
[사미헌] 갈비탕 갈비탕 하면 사미헌이죠. 복날 되기전에 미리 구매했는데 한개 가지고 둘이서 먹을만큼 양도 넉넉하니 좋네요. 요즘 음식점가면 비싸기도하고 둘이 먹기에는 금액적으로도 4만원 가까이 하더라구요. 집에서 간편하게 데워 먹기만하면 되니까 너무 편하고 맛도 좋네요. 2026.07.11 도움돼요,긍정,2
[사미헌] 갈비탕 재주문 맛있어요 좀 비싸 보였으나 막상 받아보고 먹어봄 양 많은편 고기 맛있어요 다 먹고 겉포장만 찍었네요! ㅎㅎ 2026.06.30 도움돼요,긍정,1
[사미헌] 갈비탕 한 여름에 국거리 고민될 때 제일 먼저 떠오르는 우리집 최애 쟁여템이예요 고기도 맛있고 고소하고 무엇보다 쓸데없는 기름 부위가 없이 깔끔해서 좋아요 2026.06.30 도움돼요,긍정,4
[사미헌] 갈비탕 꽝꽝 얼어서 배송되는 맛있는 갈비탕. 해동해서 데워먹기만 하면 되니 정말 편하고 맛있어요 아이들 최애갈비탕이라 방학마다 쟁여야되요 2026.01.08 도움돼요,긍정,3
[사미헌] 갈비탕 사미헌 갈비탕은 오래전부터 먹어왔는데 최근 들어서는 주문해서 먹은 적이 없더라구요. 오랜만에 생각나서 바로 주문했는데 역시나 맛있네요. 2026.08.12 도움돼요,긍정,1
"[사미헌] 갈비탕 최애 갈비탕~ 기름기를 잘 걷어내어 국물이 텁텁하지 않고 맑고 투명합니다. 다른 조미료를 더 넣지 않아도 간이 딱 맞고, 인위적인 달지 않은 깊은 맛 덕분에 절대 질리지 않습니다. 2~3인이 먹어도 넉넉한 양이며, 다른 요리(떡국..)에도 다양하게 활용할 수 있어 여러모로 유용한 밀키트입니다~♡ 2026.07.10 도움돼요",중립,0
[사미헌] 갈비탕 항상 베스트에 있길래 궁금해서 시켜봤어요~ 아직 먹어보진 않아서 맛은 모르겠습니다! 간단하게 해먹기는 좋을 것 같아요~ 2026.08.11 도움돼요,중립,0
[사미헌] 갈비탕 사미헌 갈비탕.. 집에서 즐기는 맛집 갈비탕이지요 고기도 넉넉하게 들어있고 국물맛도 끝내주지요. 앞으로도 쭈욱 찾게될꺼같아요 2026.08.11 도움돼요,중립,0
[사미헌] 갈비탕 냉동실에 늘 자리하고 있는 갈비탕 다른 회사 제품보다 기름기가 적고 담백한 맛이 좋다 버섯이나 당면등을 추가하면 더 맛있게 푸짐하게 먹을 수 있음. 가격이 올라서 세일때 주로 구입 하는편임 2026.07.09 도움돼요,긍정,3
[사미헌] 갈비탕 국물 깔끔하고 맛있습니다.갈비도 큰거두개.작은거두개 충분히 들어있네요.파와 후추뿌려먹으니 시원하고 좋습니다.두팩중 나머지한팩엔 당면도 넣어먹어보려합니다.또 이용해야겠습니다. 2026.06.28 도움돼요,긍정,2
"[사미헌] 갈비탕 사미헌 갈비탕의 후기를 보니 그냥 끓여도 맛있지만^^ 대파.당면 추가한 요리를 보고 딱!! 이다 싶었어요~ 이참에 부모님께 ""밥상효도"" 해보자 하며 저도 따라해 봤습니다^^ 큰 갈빗대가 4개 있어서 2분이 나눠드시기 딱이었어요. 미리 불려논 당면과 어슷썰기한 대파를 넣고 한소끔 끓이고^^ 김치와 맛나게 드시는 모습에 뿌듯했답니다!! 고기를 좋아한다면 1인이 몸보신으로. 평소 소식한다면 2인이 나눠먹기도 좋은 사미헌갈비탕! 맛과 질에 반해 추가주문합니다 ^^ 엄마네 냉동실에도 쟁여놔야겠어요~ 잘먹었습니다♡ 2026.02.12 도움돼요",긍정,4
"[사미헌] 갈비탕 집에서 간편하게 먹는 제품 중에서 완성도가 상당히 높은 편이라고 느꼈습니다. 먼저 포장을 뜯으면 갈비가 눈에 띄는데, 단순히 국물만 그럴듯한 제품이 아니라 실제로 고기 양도 만족스러운 수준입니다. 사진은 먹다가 찍은거라 고기가 부족해보이지만 실제로는 만족했어요. 젓가락으로도 부드럽게 분리될 정도로 연하고, 너무 질기거나 잡내가 안났습니다. 국물은 맑은 탕 스타일로, 과하게 기름지지 않으면서도 인위적인 조미료 맛이 강하게 튀지 않고 비교적 깔끔하게 떨어지는 맛이라 부담 없이 먹기 좋았습니다. 후추를 조금 추가하면 더 깊은 맛을 즐길 수 있습니다. 대파를 송송 썰어 넣고 끓이면 매장에서 먹는 느낌이 한층 살아납니다. 조리도 간편합니다. 중탕이나 냄비에 데우기만 하면 되기 때문에 바쁜 날 한 끼 식사로 활용하기 좋고, 밥 한 공기 말아 먹으면 든든함이 확실합니다. 2026.02.12 도움돼요",긍정,7
[사미헌] 갈비탕 자주 쟁여놓는 쟁여템이예요. 반찬없고 반찬하기 싫을 때 당면과 파만 넣고 먹기 좋은 스피드 갈비탕. 2026.08.10 도움돼요,중립,0
"[사미헌] 갈비탕 항상 자주 우리집 식탁에 올라오는 ""사미헌"" 갈비탕 맛있게 잘 먹고 있어요!! 또 재구매 하러 올께요~~~ 굿!! 굿뜨!! 조아요 조아!! 2026.08.10 도움돼요",긍정,2
[사미헌] 갈비탕 국물이 아주 깔끔하고 갈비4개정도 들어있네요..고기가 부드럽고 냄새도 안나요~ 파와 후추 넣어서 먹었는데 너무 맛있어요^^ 2026.08.09 도움돼요,긍정,2
[사미헌] 갈비탕 식당에서 판매한 갈비탕과 견중어도 전혀 손색없는 맛입니다. 파와 당면을 곁들어서 먹으면 정말 맛있어요. 2026.08.09 도움돼요,긍정,1
[사미헌] 갈비탕 저번에는 신랑이랑 1팩씩 먹었더니 양이 많아서 이번에는 한팩만 사봤어요 도톰한 고기도 맛있고 국물도 많고 깔끔하게 맛있어요~ 2026.08.09 도움돼요,긍정,3
[사미헌] 갈비탕 고기가 꽤 들어가 있어요~ 여기에다가 넣고 싶은 거 넣어서 먹으면 좋아요 그리고 간도 딱 맞아서 넘넘 맛있네요~ 2026.06.26 도움돼요,긍정,2
[사미헌] 갈비탕 시판되는 갈비탕중 최고인것같아요. 할인 할 때 자주 쟁이는 편인데 맛도 있고해서 냉동실 쟁여템이예요ㅎ 2026.08.08 도움돼요,긍정,1
[사미헌] 갈비탕 맛있는갈비탕~~아이들 반찬해주기 싫을때 가끔 해주면 넘 잘먹는 밖에서 사먹는 갈비탕 안부러운맛입니다~~ 미리 당면은 미지근한 물에 불려주고요. 음식은 일단 보이는 시각에서 먹고싶어야하니까 계란지단도 이뿌게 만들어줍니다. 흰자 노른자 따로~~귀찮지만 이쁜음식 먹기도 좋으니깐요!!! 갈비타 보글보글 끓여서 아이들이 싫어하는 파는 넣지않고~~ 당면 계란만 넣어도 맛있다고 엄지척 해주는 아이들~~고기도 연하고 진짜 강추합니다^^ 2025.10.29 도움돼요,긍정,3
[사미헌] 갈비탕 갈비탕이 한번씩 먹고싶은데 너무 더워 나가기 싫어 주문합니다 아직 먹기전이지만 후기가 좋으니 기본이상 하겠죵? 2026.08.07 도움돼요,부정,-1
[사미헌] 갈비탕 맛 괜찮아요. 냉동실에 보관하다가 아침에 끓여서 간단히 아침으로 먹기 좋습니다. 고기 많이 안 질기고 크고 작은 갈빗대 4대 정도 들어 있습니다. 당면 사리 넣고 대파랑 후추 좀 뿌려서 먹으면 맛있습니다. 2026.03.13 도움돼요,긍정,1
[사미헌] 갈비탕 맛집이라고 해서 관심이 있었는데 포인트상점에 들어왔길래 포인트로 구매했어요. 고기가 엄청 크고 푸짐하네요. 국물은 깔끔하니 맛있어요. 2026.03.02 도움돼요,긍정,3
[사미헌] 갈비탕 처음 시식용으로 한팩 구입하고 두번째는 5팩 구입했습니다 입맛 없을때 여름 보양식으로 갈비탕 좋아요 고기뼈가 4조각있어요 국물도 기름기 적고 깔끔해요 2026.08.06 도움돼요,긍정,2
[사미헌] 갈비탕 비상용으로 구입했어요 반찬없을때 바쁠때 김치 계란후라이 있으면 근사한 밥상이 뎌니까요 국물 깨끗하고 양도 넉넉하게 들어있어요 2026.08.06 도움돼요,중립,0
[사미헌] 갈비탕 다른데꺼만 먹어봤는데 사미헌꺼 평이 좋아 궁금해서 사봤네요. 아이들이 갈비탕 국물을 좋아해서요 ^^ 맛있게 잘 먹을게요! 2026.08.06 도움돼요,긍정,3
[사미헌] 갈비탕 갈비탕 사미헌만 좋아해요 ㅎㅎ 애들 둘이 한팩 딱 좋아요 떡 당면 계란 파 넣고 끓여서 밥이랑 먹으면 딱 이예요 계속 재구매 ~~~~ 2026.08.06 도움돼요,긍정,3
[사미헌] 갈비탕 사미헌 갈비탕이 가장 맛있어요 이것저것 먹어봐도 국물이며 고기까지 넘 완벽해요 사먹는 냉동식품이 이렇게 맛있네요 2026.08.06 도움돼요,긍정,2
[사미헌] 갈비탕 아이들의 저녁으로 만갈탕을 만들었어요 갈비탕이 짜지않아좋네요 당면 따로 붏렸다 만두넣어 당면넣어주니 훌륭하네요 2026.06.23 도움돼요 2,중립,0
[사미헌] 갈비탕 안녕하세요 . 사미헌 갈비탕 정말 맛있어요 인기가 많은지 잘 알거 같아요 마침 컬리에서 쿠폰 사용 할수도 있도록 주셔서 더 착한 가격으로 갈비탕 4팩 주문 했답니다. 곧 다가올 설명절에 떡국에 끓여서 먹어도 너무 좋을거 같아요 오늘 같이 날씨가 추운날에 끓여서 남편과 한그릇 뚝딱 먹었어요 . 고기도 너무 부드러워서 먹기 더 좋네요 속이 뜨끈뜨끈 한게 든든 하고 보양식이 따로 없는거 같아요 다먹고 재주문 해야 할거 같아요 다시 한번 쿠폰 주셔서 감사합니다. 2026.02.07 도움돼요,긍정,2
[사미헌] 갈비탕 매번 사는 제품입니다. 이건 그냥 믿고 사는 제품...고기도 실하고 맛도 좋아요. 고기도 쑤욱 뼈와 잘 분리되니까 아이들이 먹기 편하대요. 2026.08.05 도움돼요,긍정,2
[사미헌] 갈비탕 집에서 끓인 갈비탕 같아요 잡냄새없고 갈비는 부들부들하고 불린당면조금.파썰어 끓였더니 넘 맛있어요 2026.08.05 도움돼요,중립,0
[사미헌] 갈비탕 이번에는 냉동 잘되어서 왔어요 사미헌갈비탕은 꼭 쟁여놓고 먹는 최애 음식입니다 비상시 아주 좋아요! 2026.08.05 도움돼요,긍정,1
[사미헌] 갈비탕 딸이 맛나다고 알려줘 그후부터 쭉 사먹던 사미헌 갈비탕 이번엔 지인들과 우리집에서 식사할있어 주문해서 대접했더니 맛있다고 자기네들도 마캣컬리 에서 주문해서 먹어야 겠다고 하여 주문해서 먹었다고 함 고기도 부드럽고 국물이 넉넉하고 아주 진해서 끓일때 파만 넉넉히 넣고 먹으면 나가서 사먹는 갈비탕 보다 진짜 맛나요~ 사미헌 갈비탕 적극 추천합니다 2026.07.03 도움돼요,긍정,4
"[사미헌] 갈비탕 1인 가구라 배달로 먹는 갈비탕은 맛이나 고기양이 만족스럽지 않고 좀더 가격은 착하고 퀄리티는 좋은 갈비탕을 먹고 싶어서 소문으로 알게된 사미헌 갈비탕을 주문하게 되었어요~ ▪️국물 ▪️ 간간한 국물에 매운 향신료는 없으며 끓일수록 깊은 맛이 나는 갈비탕이라 기호에 맞게 재료나 양념을 추가해서 아이,어른 호불호 없이 연령대 폭이 넓게 즐길수 있을 것 같아요~ 저는 싱거운게 좋아서 물한컵을 추가해 국물을 많이 해서 밥이나 국수를 말아먹어요 ▪️고기 ▪️ 아주 큰 왕갈빗대가 4개정도 들은 거 같아요 뼈와 고기와의 분리가 쉽고 누린내가 거의 없으며 소고기임에도 불구하고 씹을 때 굉장히 부드러워요 뼈에 붙은 고기양도 많아서 비쥬얼도 육질도 만족스러워요 ▪️양▪️ 1kg 포장은 성인이 2번 나눠먹어도 충분한 한끼가 되더라구요 무,파,버섯,당면사리에 밥이나 국수를 국물과 곁들여 먹으니 2번 나눠먹어도 배가 부를 정도예요 기호에 맞춰 사리를 추가해서 조리하면 좋을 것 같아요 처음에는 저의 입맛과 맞는 제품인지 알아야 하니 1팩을 주문했고 재주문 때 3팩을 주문했습니다 냉동상태로 배송이 되는 제품이라 저는 바로 먹고 싶을 때는 실온해동 4시간정도 냉장실 해동은 먹기 하루전에 냉동실에서 냉장실로 옮기는 편이예요 갈비한대의 고깃덩이가 큰편이라 가위로 4등분해서 먹으면 성인 한입에 딱 맞더라구요~ 가을,겨울 원기보충용 보양식으로 집에 두고 먹기에 좋구 자극없고 속이 편안한 음식이라 만족스러웠어요 조리가 오래 걸리지 않는 음식이라 간편하게 손님대접용으로도 좋을 듯합니다 2025.10.26 도움돼요",긍정,6
[사미헌] 갈비탕 후기가 좋아서 고인하다 주문했는데 고기도 안질기도 국물도 입맛에 맞아서 계속 이용할려구요ㅎㅎ 밖에서 사먹는 갈비탕보다 맛있습니당~~♡ 2026.08.04 도움돼요,긍정,1
[사미헌] 갈비탕 갈비도 맛있고 국물도 맛있어서 주문합니다!^^ 마침 홈쇼핑에도 나오는데 양이 너무 많아서 저는 딱 필요한 만큼만 컬리에서 ㅎㅎ 2026.06.21 도움돼요,긍정,2
[사미헌] 갈비탕 식어도 기름기가 없고 깔끔한 국물맛이 나서 좋습니다. 고기도 큼직하게 잘 들어있어서 자주 시켜먹습니다. 갈비탕은 사미헌갈비탕이죠. 2026.08.03 도움돼요,긍정,1
[사미헌] 갈비탕 냉동에 넣어놓고 급할때 남편식사 멕여요 우거지도 푸짐하고 자극적이지 않아서 좋아요 지금 녹이러갑니다 2026.08.03 도움돼요,긍정,2
[사미헌] 갈비탕 사미헌은 식구들 모두 좋아히는 간편식이라 종종 잘 먹고 있어여. 이번에도 맛 있게 잘 먹겠습니다. 2026.08.03 도움돼요,긍정,2
"[사미헌] 갈비탕 갈비탕을 좋아하는데 얼려두고 계속 먹어보려고 컬리에서 3팩 시켰는데, 너무 맛있고 국물도 담백해서 종종 시켜먹을 것 갈습니다 2026.06.20 도움돼요",긍정,3
[사미헌] 갈비탕 갈비탕중에 믿고 먹는 갈비탕이에여~ 양도 많고 국물도 깔끔해서 아이도 좋아합니다. 입 맛 까다로운 아이에게 보양식으로 딱이에여~!! 2026.08.02 도움돼요,긍정,2
[사미헌] 갈비탕 워낙 유명해서 한번 먹어봤어요 간이 짭쪼롬하니 맛있고 갈비도 부드러운 편이에요 아이와 둘이 나눠먹을 정도로 양도 많아요 2026.08.02 도움돼요,긍정,1
[사미헌] 갈비탕 냉장고에서 해동해서 꺼냈더니 양이 이 정도 되고요^^ 잡내 전혀없고 너무 맛있어요. 집밥으로 준비하니 두 명 먹기 좋네요^^ 2026.08.02 도움돼요,긍정,1
[컬리멤버스][사미헌] 갈비탕 항상 컬리 추천템에 있는 메뉴라 구매해 보앗어요 큰대2개에 작은대2대정도 있네요 국물이 넉넉해서 좋았구 두명이서 한번 먹기 딱이네요 파 총총 썰어주니 간 안해도 마싯습니다!! 2026.02.25 도움돼요,긍정,2
"[사미헌] 갈비탕 벌써 여러 번 재구매한 사미헌 갈비탕입니다. 엄마가 예고도 없이 저희 집 앞에 음식이며 뭐며 바리바리 두고가셨을 때 제가 엄마 주려고 사미헌 갈비탕 산거 있는데 벌써 갔냐고! 했더니 아직 바로 앞 버스정류장이라며 다시 오셔서 사미헌 갈비탕이랑 우거지 갈비탕이랑 곰탕 들고가셨었어요ㅋㅋ 다시 정류장으로 가셔서 배낭으로 옮겨담는데, 아주머니들이 사미헌 맛있다며 어디서 샀냐고 그랬다네요ㅎㅎㅎ 그런 기억이 있는 갈비탕! 사실 저는 갈비탕 하면 예전부터 엄청 맛있는 음식인지 잘 모르겠긴 한데.. 이러다 맛없는 갈비탕 한번 먹어보면 역체감하게되는 걸까요?ㅋㅋ 고기가 큼직하고 실하니 푸짐하다! 이런 느낌을 받긴 했어요. 잘 먹었습니다. 2026.02.03 도움돼요",긍정,3
[사미헌] 갈비탕 맛있어요 갈비탕은 사미헌만 쟁여놓고 먹고 있어요 양도 많고 국물도 느끼하지 않아서 반찬없을때 한끼 식사용으로 딱이에요 2026.08.01 도움돼요,중립,0
[사미헌] 갈비탕 요리에 꽝손인 저에게 딱입니다ㅎㅎ 갈비탕의 본연의 맛도 좋지만 갑작스러운 손님밥상으로 도가니 탕에 우거지와 양념을 더했더니 쉬원하고 깊은맛이 나더라구요~ 2026.08.01 도움돼요,긍정,1
[사미헌] 갈비탕 우리집 쟁여템이예요 더운 여름에도 추운 겨울에도 마땅히 반찬 없을 때 이 갈비탕 한 그릇에 김치만 있음 끝 2026.08.01 도움돼요,중립,0
"[사미헌] 갈비탕 사미헌 갈비탕 이름값하네요 맑은 국물과 깊은 감칠맛, 양도 적당하며 둘이 살짝 나누어 먹으면 딱 안성맞춤, 저극 추천해요 2026.07.31 도움돼요",긍정,1
"[사미헌] 갈비탕 집에서 끓였는데도 갈비탕 전문점 느낌 나요 봉지째 데워 먹는 제품들보다 훨씬 만족스러웠어요. 갈비가 큼직하게 들어 있고, 오래 끓이지 않아도 고기가 부드럽게 잘 발라집니다. 국물은 기름지지 않고 맑은 편이라 부담 없이 먹기 좋았고, 잡내 없이 깔끔해서 따로 간 안 해도 맛이 잘 잡혀 있었어요. 파 조금 넣고 소금만 살짝 더하니 딱 좋은 간이었습니다. 밥이랑 같이 먹으면 한 끼 식사로 충분하고, 집에서 직접 끓였는데도 외식한 느낌 나서 만족도 높았어요. 냉동/밀키트 갈비탕 중에서는 퀄리티 좋은 편이라고 생각합니다. ⭐️바쁠 때나 몸보신용으로 재구매 의사 있어요 2025.12.19 도움돼요",긍정,6
[사미헌] 갈비탕 드라이아이스 패키징해서 아주 단단히 얼어 잘도착했어요 갈비탕간편식중에는 사미헌이 가장 나은거같아요 2026.07.30 도움돼요,긍정,1
[사미헌] 갈비탕 갈비탕 먹고싶으면 음식점으로 안가고 주문해서 먹는 제품. 재료 조금만 추가하면 음식점 갈비탕 저리가라 할 정도의 맛을 보장해줍니다. 2026.07.30 도움돼요,중립,0
"[사미헌] 갈비탕 밤10시에 받아서 아이스팩2개+보냉가방에 넣어두었더니 다음 날 아침까지도 갈비탕이 절반 정도 얼어있네요. 아무 것도 첨가하지 않고 순수하게 갈비탕만 먹었는데요, 맛있어요~ 종종 주문할 것 같아요. 2026.06.27 도움돼요",긍정,1
[컬리멤버스][사미헌] 갈비탕 ✅️재구매의사 ⭐️⭐️⭐️⭐️⭐️ 와 냉동된 갈비탕인데도 고기가 실하고 너무 맛있네요!! 밀키트라서 고기가 질기진 않을까 싶었는데 그러지도 않았고요. 볼 때마다 거의 항상 베스트 안에 들어있어서 한번 구매해 먹어봐야겠다 싶긴 했는데 완전 만족 사진에서 보시다시피 뼈에 살이 거의 떨어질 만큼 부드러웠어여 ㅠㅠ 제가 이교정때문에 이가 부실한데 부실한 이로도 충분히 먹을 수 있을 정도🥹 저는 갈비탕에 당면 들어간 걸 좋아해서 집에 있는 당면 10분 정도 불려 놓은 후 넣어먹었답니다. 사먹는 거랑 맛 똑같아요. 냉동이라고 무시한게 미안할정도 ㅎㅎㅎ 잘먹었습니당 2025.10.20 도움돼요,긍정,4
[사미헌] 갈비탕 한번씩 주문해서 먹는데 국물에 기름기가 없어서 좀 비싸도 이제품 시켜먹어요 고기도 적당하고 맛있어요 2026.07.29 도움돼요,중립,0
[사미헌] 갈비탕 사미헌 갈비탕 뭐 너무 유명하죠. 아이들 한끼 주기 편하고 맛있어요. 방학이라 쟁여놓으려합니다. 다른반찬없이 국에 김치랑만 먹어도 맛있어요. 2026.07.29 도움돼요,긍정,3
"[사미헌] 갈비탕 주기적으로 구매하고 있는 사미헌 갈비탕. 어른 아이 모두 좋아할 맛이예요. 갈빗대 큰 거 2개, 작은 거 3개 정도 들어 있어요. 갈비탕 전문점에서 먹는 맛과 비슷해요. 국물이 깔끔하고 시원하니 아주 맛있습니다. 2026.03.04 도움돼요",긍정,3
[컬리멤버스][사미헌] 갈비탕 일단 맛있음! 개봉후 뚝배기에 부어 한번 끓여서 그냥 먹어 보았음.(한입 맛 본후에 냉동실에 있던 대파만 넣었음) 1. 간이 절묘함. 2. 뼈에서 저절로 떨어지는 고기 없이 아주 적당히 조리되어 뜯어 먹는 식감도 좋았음. 3. 잡내도 없었음. 4. 사진처럼 빈그릇^^ *장바구니에 또 추가 했음 2026.01.19 도움돼요,긍정,2
"[사미헌] 갈비탕 포인트로 구매했는데 아직 못 먹고 냉동실 신세네요,, 근데 실물 받아보니까 묵직하더라고요 후기도 좋고 기대돼요! 조만간 먹어보고 후기 남길게요 2026.06.06 도움돼요",중립,0
[사미헌] 갈비탕 큰갈비 네덩이 한팩으로 둘이서 나눠 먹엇네요 대파 송송 썰어서 든든하게 국물 이 넉넉하고 맛나게 먹엇읍니다 재구매 할것 같아요 2026.06.03 도움돼요,긍정,3
[사미헌] 갈비탕 갈비탕 맛있어요 살코기가 조금 부족하지만 한끼로먹으니 좋아요 당면도조금넣고 대파도 송송 썰어넣어서 뼈는 건져내고 살코기는 가위로 잘라서 먹었어요 2026.05.20 도움돼요,긍정,1
[사미헌] 갈비탕 1. 컬리 장 볼 때마다 구매하는 제품. 2. 양 넉넉함. 3. 고기도 질기지 않고 맛있음. 4. 소비기한 넉넉함. 2026.05.18 도움돼요,중립,0
[사미헌] 갈비탕 행운출첵 이벤트로 한달간 포인트 모아서 사미헌 갈비탕 득템했어요. 혼자 먹기 아쉬운 양이지만 국물까지 먹으면 갈비탕집에서 먹는 거 만큼 양이 상당합니다. 2026.05.10 도움돼요,부정,-1
[사미헌] 갈비탕 너어어무 맛있게 먹었어요! 국물도 넉넉해서 다음날 떡국떡에 만두넣어서 한번 더 먹고👍🏻 부모님댁에도 몇개 사드려야겠어요:) 2026.05.10 도움돼요,긍정,1
[사미헌] 갈비탕 갈비탕 할인 받아서 구매했어요 저희 가족이 사랑하는 사미헌 갈비탕 고기도 많고 국물이 깔끔하고 시원해요 2026.05.07 도움돼요,긍정,1
[사미헌] 갈비탕 퍼플포인트 열심히 모아서 샀어요. 컬리 추천템으로 원래 유명했죠 ㅎㅎ 첨 먹어봤는데 크고 실하고 맛도 좋습니다! 2026.05.05 도움돼요,긍정,1
"[사미헌] 갈비탕 맛있게 잘 먹었어요 당면 ,버섯 ,파 넣어서 끓여먹으면 끝~~~ 한끼 맛있게 먹어서 좋아요 배송도 잘 해주셔서 감사합니당 2026.05.01 도움돼요",긍정,3
[사미헌] 갈비탕 포인트상점에서 쿠폰으로 교환해서 구매했어요. 자주 시켜 먹던 건데 포인트로 교환되니 넘 좋네요. 잘 먹을게요~ 감사^^ 2026.04.25 도움돼요,중립,0
[사미헌] 갈비탕 너무 맛있네요 배달보다 훨씬 나아요 근처 식당보다 나을정도 ㅋㅋㅋㅋㅋ 파랑 당면 추가해서 먹었고 후추도 쳐먹었어요! 재구매의사 있음! 2026.04.22 도움돼요,긍정,2
[사미헌] 갈비탕 사미헌갈비탕은 말해머해요. 갈비대가 두번 모자른가 싶어도 당면넣고 밥말면 충분히 먹어요. 소금간필요없이 후추면 되요. 2026.04.21 도움돼요,중립,0
[사미헌] 갈비탕 사미헌갈비탕 맛있어서 컬리 주문할 때 꼭 시켜요. 냉동인데도 인위적인 맛이 없이 맛있어요 만두랑 떡국떡 넣어먹으면 잘 어울려요! 2026.04.21 도움돼요,긍정,2
[사미헌] 갈비탕 뼈를 먼저 발라내고 고기를 먹기좋은 크기로 잘라서 대파 듬뿍 넣고 끓인후 밥 말아먹으면 휴일에 아점으로 간단하게 먹기 참 좋아요. 2026.04.14 도움돼요,긍정,1
"[사미헌] 갈비탕 타 갈비탕들에 비해 조미료 맛이 거의 없고, 깔끔.. 담백.. 느끼함도 없어서 맛있게 잘 먹었어요! 2026.04.12 도움돼요",긍정,2
"[사미헌] 갈비탕 환절기 감기로 고생중인데 뜨끈하게 데워서 먹었더니 몸도 거뜬해지는 기분입니다. 갈비대가 4개정도 들어 있었고,당면 넣어 먹으니 더 좋았어요. 2026.04.08 도움돼요",긍정,1
[사미헌] 갈비탕 감기기운있는 막내아들 파넣고 저녁으로 끓어주니 아주 잘 먹었어요~ 먹고 감기도 떨어지고 몸이 좋아지기를 바랍니다. 2026.04.07 도움돼요,긍정,1
[사미헌] 갈비탕 아들한테 보내줬더니 너무 맛있어서 후딱 다 먹었다해서 오늘 2팩더 주문했어요 지인추천으로 주문했는데 성공이네요. 2026.07.25 도움돼요,긍정,2
[사미헌] 갈비탕 늘 먹던거라 오랜만에 주문했네요~ 한팩으로 2명은 먹을수 있어요~ 당면을 추가해서 먹어도 좋아요~ 2026.07.24 도움돼요,긍정,1
[사미헌] 갈비탕 먹어본거라 재구입했어요 가족들모두 좋아해요 지금도 끓이는둥ㅋ 롯데배송이라 엄청 빨리왔어요 너무좋아요 하나도 안녹고 잘왔어요 정신없이 정리하느라 냉장사진밖에 없네요 2026.07.24 도움돼요,긍정,2
"[사미헌] 갈비탕 정말 간단하게 먹을 수 있어 자주 구매하는 제품입니다! 냉동 고기 국임에도 비리거나 잡내가 나지 않아 굉장히 자주 구매합니다 양도 꽤 많아 2명도 든든하게 먹을 수 있어요 국물도 많아 당면이나 떡을 넣기도 좋을 것 같고 밥 말아먹기도 좋아요 갈비도 많이 들어 있어요 고기 살코기도 꽤 붙어있고요 구성은 고기랑 국물이 끝이라 파나 버섯, 고추, 만두, 달걀지단 등 다양하게 넣어 변주하며 먹는 재미도 있어요 냉동실에 넣어두고 있으면 든든합니다 2026.01.25 도움돼요",긍정,2
[사미헌] 갈비탕 시판 밀키트 갈비탕 중 사미헌이 최고인듯요 갈비탕을 별로 좋아하지 않는데도 사미헌 갈비탕은 잘먹어요 2026.07.23 도움돼요,긍정,2
[사미헌] 갈비탕 갈비탕 기름기가 많이 없어서 더 좋네요 ! 깔끔하고 당면넣어서 먹으니 더 맛있어요 ! 후추랑 파 팍팍 넣고 먹으니 더 맛이 좋아요 ! 2026.07.22 도움돼요,긍정,3
[사미헌] 갈비탕 초등4학년 딸이 갈비탕을 잘 먹어서 쟁여템입니다. 두번정도 나눠 먹을수 있고 냉동만두 두개정도 같이 넣어주면 한끼 식사로 만족합니다. 2026.07.20 도움돼요,긍정,1
"[사미헌] 갈비탕 이 양에 이 가격이면 재재재구매 가능!! 고기도 쏙쏙 잘빠지고 국물도 시원하고 , 어제 일이 힘들었는데 몸보신 제대로 했어요:) 2026.03.27 도움돼요",긍정,1
[사미헌] 갈비탕 자주 자주 시키는 사미언 갈비탕 당면 넣고 마늘 넣고 대파 넣고 후추 넣어서 먹으면 더 맛있어요 다들 저보다 고수 들이 시겠지만 그냥 적어보내요 2026.07.18 도움돼요,긍정,1
[사미헌] 갈비탕 미리 해동만 해놓고 간단히 먹을 수 있어서 좋아요. 가격이 있지만 2인분이라서 괜찮아요. 항상 구매하는 재구매템입니다👍 2026.07.17 도움돼요,긍정,3
[사미헌] 갈비탕 저 갈비탕 좋아하는더ㅏ 정말 맛있게 먹었어요! 컨디션 안좋거나 귀찮을때 간단 최고 ㅎ 컬리 덕에 돈도 많이 쓰고 간단히 사고 ㅎㅎ 2026.07.17 도움돼요,긍정,3
[사미헌] 갈비탕 믿고먹는 사미헌 갈비탕! 비상식량으로 두었다가 급할때 먹으려고요~^^ 맛집가지않아도 깊은맛 강추합니다!! 2026.03.25 도움돼요,긍정,2
[사미헌] 갈비탕 처음구매해서 먹었는데 맛있네요 간도적당하고 고기도부드러웠서요 2인이 먹기좋았서요 담에 또구매해서 먹을거에요 ㅎ 2026.07.16 도움돼요,긍정,2
"[사미헌] 갈비탕 후기보고 구매했는데 맛있어요! 고기가 진짜 부드러워요~~ 하나도 질기지 않아서 맛있게 먹었고, 국물도 짜지 않아서 좋아요 :) 2026.07.16 도움돼요",중립,0
[사미헌] 갈비탕 아직 시식전이지만 오래전부터 먹어언 제품이라 맛을 익히 알고 있죠. 냉동 보관이라 그것이 불편해 다른 브랜드 실온보관도 먹어봤지만 이 사미헌 갈비탕이 제일 맛있어요 냥동보관이라 한번에 많이 즈문하기가 어렵네요 2026.06.13 도움돼요,중립,0
[사미헌] 갈비탕 아이들이 너무 맛있게 잘 먹었어요 요즘날씨에 요리해놓으면 금방 상하는데 사미헌 갈비탕은 1인당 한팩씩 먹으니 정말 좋아요~^^ 고기도 부드럽고 어르신들 드시기도 좋을것 같아요~^^ 2026.06.13 도움돼요,긍정,3
[사미헌] 갈비탕 자주시키는 메뉴 중에 하나에요. 밥반찬 없을 땐 정말 딱입니다. 밖에서 사 먹는 거에 비해서 양도 싫어하고 국물도 엄청 맛있어요. 저희는 당면을 좀 불려서. 같이 넣어서 끓여 먹는데 진짜 맛있습니다. 2026.06.11 도움돼요,긍정,1
[사미헌] 갈비탕 수술하고 퇴원하신 아버지 몸보신용으로 주문했어요~ 국물이 기름 지지않고 담백하니 깔끔해서 좋고 고기양도 제법 들어있어 질기지 않고 냄새도 안나요~ 2인 먹기 딱 좋고 대파 쫑쫑 썰어 넣으면 맛나요~ 참고로 집에 당면 있다면 미리 물에 불려놨다가 넣어 먹으면 우리집이 갈비탕집 입니다~^^ㅋㅋ 입맛 까다로우신 아버지 한그릇 뚝딱 하셨습니다~ㅎㅎ 2026.06.02 도움돼요,긍정,1
"[사미헌] 갈비탕 처음 구매해봤는데 기대 이상으로 만족스러웠어요. 포장도 꼼꼼하게 되어 있어서 신선한 상태로 잘 도착했고, 맛도 정말 좋았습니다. 특히 재료가 신선해서 먹을수록 믿고 먹을 수 있다는 느낌이 들었어요. 가족들도 다 맛있다고 해서 재구매하자는 이야기가 바로 나왔네요. 다음에도 컬리에서 또 주문하고 싶은 제품입니 2026.05.27 도움돼요",긍정,5
"[사미헌] 갈비탕 처음 구매해봤는데 기대 이상으로 만족스러웠어요. 포장도 꼼꼼하게 되어 있어서 신선한 상태로 잘 도착했고, 맛도 정말 좋았습니다. 특히 재료가 신선해서 먹을수록 믿고 먹을 수 있다는 느낌이 들었어요. 가족들도 다 맛있다고 해서 금방 다 먹었고 다음에도 컬리에서 또 주문하고 싶은 제품입니 2026.05.27 도움돼요",긍정,4
[사미헌] 갈비탕 당면 넣고 2개 끓였는데 국물는 정말 넉넉하고 고기도 푸짐하니 보기에도 먹기에도 좋았어요! 맛이 좋아서 가격 다시 확인하니.. 아! 푸짐할 가격이구나..!! 싶었으나 다음에 또 시키려구요! 맛있어요! 2026.05.23 도움돼요,긍정,5
[사미헌] 갈비탕 사미헌 갈비탕 갈빗대 4개 들어 있고 2대 큰 갈빗대 2대는 큰 갈빗대 반사이즈 정도 크기 생각보다 고기양이 작은 것 같아요 하지만 고기는 부드러웠어요 국물은 깔끔한고 살짝 끓여도 국물은 간이 센 것 같았어요 2026.05.16 도움돼요,긍정,1
[사미헌] 갈비탕 종종 주문해서 먹습니다. 여행 가기 전에 냉장고 비우느라 반찬도 마땅치 않아서 간단히 먹고 치우려고 주문했는데 세 명이 국그릇으로 적당히 먹을 정도 양이었습니다. 고기는 갈비찜용 갈비 사이즈로 4개인가 들어있었습니다. 간은 많이 짜지는 않고 적당히 짭짤한 정도입니다. 2026.05.01 도움돼요,부정,-1
[사미헌] 갈비탕 한팩에 갈비 큰거랑 작은거 중간크기 골고루해서 5대 정도 들어가 있네요. 대식가면 혼자 먹기 푸짐하고 소식가면 두명이서 먹어도되요. 파랑 당면사리에 후추 살짝 뿌려드시면 식당 갈비탕 부럽지않아요. 2026.04.15 도움돼요,긍정,1
[사미헌] 갈비탕 여러 브랜드의 갈비탕을 먹어봤지만 역시 사미헌 갈비탕이 제일 맛있어요. 신기한 것은 고기는 쫄깃한데 뼈에서는 부드럽게 빠져요. 먹기도 편하고 국물도 진국이고. 맛있는 갈비탕을 집에서 편히 먹을 수 있다는 것이 참으로 고마워요. 2026.04.14 도움돼요,긍정,4
[사미헌] 갈비탕 한팩에 양도 많고 남편과 같이 먹었는데 아주 충분합니다!ㅎㅎ당면도 같이 넣어 먹었는데 넘 맛있어서 추천합니다!!!!ㅎㅎㅎ가성비 아주아주 좋아욘 깔끔한 국물맛에 반했습니당 또 시켜먹을꺼같아요~ 2026.04.11 도움돼요,긍정,4
[사미헌] 갈비탕 사미헌갈비탕 후기가 좋은 상품이라서 구매하게 되었어요 냉동식품이라서 비상식량으로 반찬없을때 꺼내서 당면사리랑 버섯 파추가해서 먹으면 간편하고 좋을것같아요 양도 많아서 2명 먹기도 괜찮은 양이예요 2026.04.10 도움돼요,긍정,3
[사미헌] 갈비탕 갈비탕은 여러곳에서 사먹어봤는데 사미헌이 확실히 맛도 있고 좋아요. 보통 포장을 뜯으면 하얗게 기름기가 붙어 있는데 사미헌은 그런게 없어서 기름을 따로 걷어내지 않다도 되더라구요. 재구매 했어요. 조금 녹여서 막 뜯은 사진이에요 2026.04.10 도움돼요,긍정,2
"[사미헌] 갈비탕 진짜 제가 마켓컬리서 1순위로 미트클레버막창을 진짜 많이 사는데~ 그다음사는 제품이 사미헌 갈비탕이에요 이건 진짜 밖에서 식당가서 사먹는것보다 더 좋고,맛까지 좋아요~ 갈비대에 고기도 많고, 이거사서 집에서 먹는게 더~절약되서 좋아요 2026.04.09 도움돼요",부정,-1
[사미헌] 갈비탕 갈비탕이 먹고싶어서 주문해보았어요 아들이 감기 기운이 있어서 밥을 못먹겠다고 해서 하나 개봉해서 줬더니 잘 먹대요 감기 걸려도 갈비탕은 맛있나봐요 내가 먹으려고 샀는데 아들이 잘 먹으니 못 먹어도 뿌듯한 엄마의 마음 2026.04.06 도움돼요,긍정,1
[사미헌] 갈비탕 컬리 주문할때마다 장바구니에 담는 제품이에요. 이것만큼 휘뚜루 마뚜루 먹기 좋은게 없더라고요. 가격이 살짝 비싼듯하지만 내용물을 보면 이해되는 가격이에요. 2인이 나눠먹는편이라 가성비도 좋아요. 전날 냉장해동시켰다가 아침에 휘리릭~ 먹기좋아요. 아이들 학교가기전에 아침밥 챙겨주기도 좋은제품이에요. 2026.04.04 도움돼요,긍정,2
[사미헌] 갈비탕 컬리 배송 빠름빠름~~ 아침에 주문했는데 초저녁에 배송완료해주네요~~ 이건 자주 구매하는 제품입니다~~~ 맛있어요~~ 2026.07.15 도움돼요,긍정,1
[사미헌] 갈비탕 사미헌 갈비탕은 냉동에 두세개 쟁여놓았다가 비상용 영양탕으로~ 버섯넣고 끓이다 한식구 더늘면 만두 몇개넣고 당면사리넣고 파마늘 듬뿍 넣으면 3인분 나와요~~ 2026.07.14 도움돼요,중립,0
[사미헌] 갈비탕 엄마가 갈비탕 좋아하셔서 주문했어요. 저번에 조선호텔 갈비탕 맛이 별로였는데 이번에 주문한 사미헌 제품은 맛있다고 하시네요. 좋은 가격에 잘샀어요 2026.07.13 도움돼요,긍정,1
[사미헌] 갈비탕 냉동실 늘 쟁여템이에요. 고기도 큼직하고 국물이진해요. 저는 팽이버섯 대파만 추가해도 너무 잘먹어요. 가끔 아이들은 삶은 당면도 넣어주고요. 2026.07.13 도움돼요,긍정,1
[사미헌] 갈비탕 컬리주문할때마다 꼭 넣어야하는 품목이에요. 진하고 밥말아먹음 맛있어요. 저는 팽이버섯 대파 있는거 추가해요 2026.07.13 도움돼요,긍정,2
"[사미헌] 갈비탕 매번 랭킹에 있길래 고민하다가 너무 궁금해서 사 먹어봤습니다. 외식비용보다는 훨씬 저렴하지만 개인적으로 느꼈을 때 가격이 엄청 착한 것 같지 않아요. 먹기 간편하고 국물양 많아서 좋았습니다. 고기는 적당히 있었던 거 같아요 많다고는 생각하지 않았습니다. 한 끼 먹기 딱 좋았습니다. 집에 있는 당면, 팽이버섯, 대파 넣으면 맛있을 거 같아요. 요새 갈비탕 가격이 많이 오른 거 같기는 합니다ㅜ. 저렴하게 외식 맛이랑 똑같이 먹을 수 있어서 좋았습니다. 통이 은근 커서 냉동실 자리가 넉넉하거나 시키면 바로 먹어야 할 거 같아요. 잘 먹었습니다. 나중에 재구매 의사 있습니다 항상 랭킹에 있는 이유가 있습니다ㅋㅋㅋ. 안 드셔보셨으면 꼭 드셔보셔요. 2026.06.02 도움돼요 1",긍정,7
[사미헌] 갈비탕 사미헌 갈비탕은 몇 번 구입해서 먹었는데 맛있어서 다시 구매하네요 저녁에 파 송송 넣어 맛있게 먹을게요~ㅋ 2026.07.12 도움돼요,긍정,2
"[사미헌] 갈비탕 그동안 쿠땡의 ㅎㄴㅅ를 선호 했었는데 이번에 구매한 사미헌 갈비탕 겉에 쓰여진 레시피 대로 끓여서 먹었는데 강추 하고 싶습니다,ㅎㄴㅅ 와는 달리 실한 왕갈비탕 입니다. 2026.07.12 도움돼요",긍정,1
[사미헌] 갈비탕 자주 주문 하고 냉장고에 넣어 두고 먹는 맛난 국거리 저는 고기 비린내를 별로 안 좋아하는데 이곳 제품은 늘 만족스럽습니다 2026.07.12 도움돼요,긍정,1
[사미헌] 갈비탕 처음 시켜 본 갈비탕입니다 고기와 랭킹이 좋아서 시켜 봅니다 내일 맛있게 먹을 수 있을 것 같습니다 2026.07.12 도움돼요,긍정,2
"[사미헌] 갈비탕 막상 끓여보면 양이 많진 않아요. 고기는 갈빗대 1개와 중간 크기 1개, 작은거 2개정도 혼자 먹는 양정도로 봐지고 당면을 추가로 넣어야 면기 가득 담아집니다. 그래도 국물맛 육향 진하니 괜찮고 고기가 아주 부드럽진 않아도 탱글하니 적당한 육질입니다. 세일안하는 가격이면 밖에 나가서도 갈비탕 한그릇 사먹을 수 있는 가격이니 패스할 것 같고 세일 많이하면 한번씩 먹을듯요 2026.02.26 도움돼요",긍정,3
[사미헌] 갈비탕 포인트 상점에 사미헌 갈비탕이 새로 생겨서 매일혜택으로 모아둔 포인트로 주문했어요 갈비탕을 아들이 좋아해서 컬리에 종류별로 다 먹어봤는데 사미헌이 젤 맛있어요 2026.02.04 도움돼요,긍정,1
[사미헌] 갈비탕 1. 컬리 장 볼 때 항상 구매하는 제품. 2. 양 푸짐하고 고기도 질기지 않고 맛있음. 3. 소비기한 넉넉함. 2026.02.04 도움돼요,긍정,1
[사미헌] 갈비탕 한번 주문해서 맛있어서 냉동고에 한 두개씩 두비해서 놓고 먹어요 대파 꼭 넣어야하고 당면 넣으면 더 맛있어요 2026.07.11 도움돼요,긍정,2
[사미헌] 갈비탕 생각보다 커서 놀랐어요. 냉동실에 들어갈 공간이 없어 오늘 저녁은 강제 갈비탕이 되었어요ㅎㅎ 잘 먹을게요 2026.07.11 도움돼요,중립,0
"[사미헌] 갈비탕 일단 왜 인기가 있는지 알겠더라고요 ㅎㅎ 1kg라서 양이 엄청 넉넉해서 성인 두 명이서 먹기에 아주 충분했고, 양이 적은 여자가 먹기엔 세 끼에 나눠먹기도 충분하겠더라고요😋 갈비도 넉넉하게 들어있었고 고기가 엄청 야들야들하고 부드럽고 잡내가 하나도 나지 않았어요! 고기 잡내에 엄청 민감한 편인데 잡내도 나지 않고 부드러워서 정말 맛있게 먹었고, 간도 밥이랑 먹기 딱 좋아서 따로 간을 더 할 필요 없이 파랑 당면만 추가해서 먹었더니 너무 맛있었어요😆 저희 동네 갈비탕맛집보다 잡내나 누린내도 전혀 안나고 오히려 더 맛있다는거🤭 이젠 식당 갈 필요가 없겠어요🫠 2026.02.25 도움돼요",긍정,5
[사미헌] 갈비탕 컬리마켓에서 사미헌 갈비탕을 구매 했어요 신나는것은 컬리에서 새로 시작한 포인트적립이요 그래서 포인트를 모여둔것으로 구매하니 아주 꽁짜같은 느낌 입니다 여러분도 열심히 포인트 모여 가지고서 선물을 받아 보세요 컬리에서 시작하는 출석체크부터 시작하여 이것저것 포인트를 많이 줍니다 시간 내서 열심히 해보세요 나처럼 맛있는 음식을 공짜로 먹을수 있어요 2026.02.14 도움돼요 1,부정,-1
[사미헌] 갈비탕 다른데 갈비탕은 못먹겠다고하시는 친정 부모님께도 보내드리는 좋은 제품이에요 여름에 더운데 갈비탕 쟁여놓으면 든든합니다! 2026.07.10 도움돼요,긍정,1
"[사미헌] 갈비탕 제 마켓컬리 2순위 제품~ 엄청 맛있고,집에서 이런 갈비탕 먹는거 비주얼이나 가격이나 아주좋아요~ 밖에서 사먹을 필요없어요 2026.07.10 도움돼요",긍정,2
[컬리멤버스][사미헌] 갈비탕 넘넘 기대하고 샀어요 유명한 만큼 맛나겠죠 당면 파 많이 넣어 먹으려구요 요새 맛있는 갈비탕집이 없어 (부산 갈수는 없고) 맛있음 쟁여놓고 먹으려구요 갈비탕땜에 오늘 깍뚜기 담아 빨리 익혀야겠어요 2026.02.13 도움돼요,긍정,3
"[컬리멤버스][사미헌] 갈비탕 사미헌갈비탕 평소에 눈여겨 보다가 멤버스 할인 아이템으로 떠서 첫구매 했는데 만족스러웠어요. 한 팩으로 아이와 같이 식구가 한끼 먹기에 적당한 양이었어요. 반컵 정도의 물을 넣어 끓였더니 간도 딱 좋고, 쪽파만 얹어 주었는데 맛있었어요. 기호에 따라 당면을 추가해서 먹어도 좋을 것 같지만, 개인적으로 국물과 고기만 포장되어 있어서 깔끔한 맛이 나서 입맛에 더 맛있게 느껴진 것 같아요. 그리고 남은 국물을 미역국에 첨가해서 끓였더니 감칠맛이 확 올라오더라구여 ㅎㅎ 긴긴 겨울 방학동안 끼니 걱정도 해야 하는데.. 재구매해서 쟁여두고 편하게 먹어야 겠어요. 2026.01.11 도움돼요",긍정,6
[사미헌] 갈비탕 처음 시켜보는 갈비탕인데 간이 너무 잘 맞고 갈비 때도 4개 정도 들어 있어서 만두 넣고 푸짐하게 먹었습니다. 행사 가격과 쿠폰 사용해서 더욱 만족합니다. 2026.07.08 도움돼요,긍정,2
[사미헌] 갈비탕 국물도 맛있고 고기양도 꽤 있으면서 고기가 질기지 않고 뼈에서 잘 떨어져서 좋았습니다. 재구매 의사 높네요. 2026.07.08 도움돼요,긍정,2
[사미헌] 갈비탕 비상식품으로 냉동실에 쟁여놔요. 여름이어도 따뜻한 갈비탕 국물에 밥 말아먹으면 기운나요 파 버섯은 꼭 추가해야해요 2026.07.08 도움돼요,중립,0
"[컬리멤버스][사미헌] 갈비탕 아들한테 한팩 보내고 , 맛이 궁금해서 사봤어요 살이 두텁고 씹는맛이 일품인 갈비4대가 들어있는데요 조금은 싱겁게 먹을라면은 시원하게 무우 자박자박 조금 썰어 넣고 대파 듬성듬성 썰어올리고 계란 풀어먹어도 좋을듯하네요 무우는 담에 넣고 , 오늘 세식구 처음 맛보고 맛있게 점심 했어요 국물이 깔끔하고 유명한 맛집에서 제대로 하는 한식당에서 먹는 깊은맛이나요 오랫만에 집에서 가족들과 갈비뜯어봤습니다 ~^^ 요즘 보통 외식하면 고기집 갈비탕 가격이 적게는 18,-에서 23,-이상인데 날도 추운데 ,뜨끈한 국물이 필요할땐 냄비에 데우기만 하면 편리하고 맛도 있으니 일석이조 네요 집에서 맛있게 떡국도 여기에 끓여도 영양 가득하네요 감사히 잘먹겠습니다 주위에도 한번 드셔보라고 보내고 추천합니다 수고하세요 . 2026.01.09 도움돼요 1",긍정,4
[컬리멤버스][사미헌] 갈비탕 비교해보려고 이것저것 주문한건데 다 괜찮은거같아요.맛도있고 양도 충분하고.조리도 쉽구요.. 2026.01.05 도움돼요,긍정,1
[사미헌] 갈비탕 집에 쟁여템중에 하나입니다 밥반찬 마땅찮고 한끼 먹을수있어서 좋네요 파넣고 당면 추가하면 식당보다 맛있어요 2026.07.07 도움돼요,긍정,1
"[사미헌] 갈비탕 국물맛이 깊습니다. 갈빗대의 양도 푸짐하고, 육질은 부드럽네요. (질긴 음식 잘 못드시는) 친정어머니께서 최애하는 갈비탕입니다 (^^)=b 2026.07.06 도움돼요",긍정,2
[사미헌] 갈비탕 마땅히 차릴께 없을때 간편하게 데우기만하면 아주 고퀄리티에 갈비탕을 먹을수 있어 냉동실에 쟁여놔요~ 2026.07.06 도움돼요,긍정,2
[사미헌] 갈비탕 남편이 좋아하는 사미헌 갈비탕이에요. 내용물도 실하고 양도 넉넉해서 먹고나면 완전 든든하다고 재구매한다네용 ㅋㅋㅋ 2026.07.06 도움돼요,긍정,3
[사미헌] 갈비탕 조리법도 쉽고 맛있어요 : ) 반나절로는 다 해동이 안돼서 하루전 냉장해동 하셔야할것같아요! 냉동상태로 조리해도 맛있네요! 2026.07.06 도움돼요,긍정,2
[사미헌] 갈비탕 냉동실에 항상 쟁여놓고 가끔 국이 필요하면 생각나는 사미헌 갈비탕 ~~ 자주 구매해서 맛있게 먹고 있어요 2026.07.06 도움돼요,긍정,1
[사미헌] 갈비탕 컬리에서 처음 시켜봤습니다 많이 구매하시는건 이유가 있네요 저희는 대파 넣고 1.5인분정도 였던거 같습니다 2026.03.14 도움돼요,중립,0
[컬리멤버스][사미헌] 갈비탕 먹을 거 없을 때 빠르게 해먹기 좋아요 냉장 해동에서 먹으면 제일 맛있다는데 성격이 급해서 그냥 냉동 채로 끓였는데 맛있어요ㅎ 2026.01.29 도움돼요,긍정,3
"[컬리멤버스][사미헌] 갈비탕 ""컬리""에서 주문한 밀키트중에서 단연컨데 제일 괜찮다고 생각이 들었어요. 매번 장볼때마다 시킬까말까 고민만 했었는데 세일하길래 속은셈치고 시켰는데. . 왠 걸? 고기간이 너무 좋았어요. 짜지도 싱겁지도 않고 간이 완벽하다고 해야하나? 늘 상위권에 있던 사미헌 갈비탕이 궁금하긴 했었는데 오늘로써 궁금증 해소^^ 컬리에서 장볼때마다 구입할거에요.. 이번에 이것저것 시켰는데 제일 궁금했던 사미헌 갈비탕을 먹고 저녁 한끼를 너무 맛있게 먹은 기분에 행복했습니다. 2026.01.07 도움돼요",긍정,1
[사미헌] 갈비탕 맛있었어용~~~ 컬리 제품은 퀄이 좋은 편인것 같아요 국물도 맛있고 고기도 안질겨서 잘먹었습니당 2026.07.05 도움돼요 1,긍정,3
[사미헌] 갈비탕 2인분이라고 하기에는 약간 애매한 양이긴 하지만 둘이서 잘 먹었어요 성인 남성은 한끼로 해결할 수 있을 정도의 양이네요 국물 깔끔하고 고기도 실해요 2026.03.13 도움돼요,긍정,1
[사미헌] 갈비탕 고기양도 많고 맛이 좋네요 고기는 뼈에 붙어 있는건데 다 떼서 끓여서 먹었어요 쇠고기 무국 맛 같네요 전 만족합니다 추천이요 2026.03.12 도움돼요,긍정,2
[사미헌] 갈비탕 갈비탕 처음 주문하는데 후기가 다 너무 좋아보여서 선택했습니다 . 맛있어보여요 !잘먹겠습니다!!! 2026.03.12 도움돼요,긍정,3
[사미헌] 갈비탕 가격은 좀 비싸지만 저가형 갈비탕과는 수준이 다르긴 합니다. 지금까지 먹어본 레토르트 제품 중 고기퀄이 가장 좋네요. 가끔 생각나면 재구매 예정입니다. 2026.07.03 도움돼요,중립,0
"[사미헌] 갈비탕 우리집 남편 비상식 와이프 부재시, 전일에 냉장고에서 해동해서 후추 대파 넣고 햇반이랑 맛있게 잘먹는답니다 ㅎ 2026.07.03 도움돼요",긍정,2
[사미헌] 갈비탕 아들이 먹어보고 굿 !이랍니다 사진도 보내왔네요 급 추워진 날에 엄마의 마음을 담아 뜨끈하게 한그릇 보냈습니다 대파송송 올려주면 더 좋겠는데 ..계란지단도 함께 후추톡톡 ~ 같이 따뜻한 갓지은 밥에 김치 깍두기에 한그릇 말아서 구수하게 감칠맛 나겠네요 언제 한번 맛보고 싶어요 ~^^ 컬리에서 평상시 주문해 먹는 아들이 문득 생각나서 주문해 보냈어요 반찬도 직접 만들어 보내는것도 좋지만 요즘은 본인이 좋아하는 것을 애용하는 컬리에서 장바구니에 담아두고서 그때그때 보내주면 맛도 있고 더 잘먹는답니다^~~^ 1주일은 먹겠다고 하네요 갈비탕 먹어봤지만 맛있는데 가격이 부담스럽다 하던데 잘 먹으면 그것만으로도 감사하지말입니다 새해에도 복 많이 받으시고요 모두모두 건강하세요 💞 2026.01.04 도움돼요,긍정,3
"[사미헌] 갈비탕 재구매의사있음 ⭐️⭐️⭐️⭐️⭐️ 캠핑장에서 먹은 사미헌 갈비탕은 최고였어요! 캠핑 가시는분들 꼭꼭 챙겨기세요. 👏 아침으로 먹기에 가벼우면서도 든든하고 너무 좋습니다. 간도 짜지 않고 딱 알맞고, 얼린상태에서 조리했는데도 엄청엄청 맛있게 잘 먹었습니다!!! 조리가 아주아주 간편해요. 저는 당면이랑 파 추가해서 넣어서 먹었는데 너무 맛있었어요..👍👍 밥 말아서 아주아주 든든하게 먹었습니다. 둘이서 2팩 먹었는데 완전 배불렀어요.. 양도 푸짐하고~ 간편식인데 단백하고 요리한듯한 맛이 나서 놀랐습니다. 다음에도 또 재구매 의사 있어요. 캠핑푸드 아침으로 강력 추천드립니다 ! 2025.10.08 도움돼요 40",긍정,10
[사미헌] 갈비탕 홈쇼핑 가끔 나오던데 컬리에서 주문하는게 더저렴해요~ 자주자주 주문하는데 냉장고에 떨어질일이 없어요. 당면불려서 파넣고 밥이랑 먹으면 맛나요 2026.07.01 도움돼요,긍정,1
[사미헌] 갈비탕 우리집 냉장고 쟁여탬 입니다. 파 송송 후추 톡톡 한끼 뚝딱 입니다. 고기가 약간 부족하지만 두식구 먹기는 충분 합니다. 2026.07.01 도움돼요,부정,-1
"[사미헌] 갈비탕 마켓컬리에서 제일 자주 사는 사미헌 갈비탕! 쿠폰 생기면 무조건 삽니다! 당면,파,마늘 꼭 추가해서 끓여보세요! 더 맛있습니다! 2026.03.09 도움돼요",긍정,1
[사미헌] 갈비탕 오늘도 또 구매했는데 국거리 걱정 할 때 젤 먼저 생각나는... 우리집 최애 쟁여템이예요 깔끔하고 고기도 고소하니 맛있어요 2026.06.30 도움돼요,긍정,3
[사미헌] 갈비탕 간단하게 만들어 먹기 좋고 맛도 갈비탕집에서 먹는 맛 그대로에요! 너무 맛있게 잘 먹어서 다음에 재구매할것 같습니다🤤 2026.06.30 도움돼요,긍정,2
